ID,NAME,CAS,Formula,MW,Den,MV,RI,MRP,DC,D,Melting,Boiling,Viscosity,lnP,Vap_P,Henrys_C,sigma1,sigma2,sigma3,sigma4,sigma5
1,(trichloromethyl)-benzene,98-07-7,C7H5Cl3,195,1.173,166.6,1.557,53.67,6.9,2.14,-4,220,1.85,3.68,0.2,2015.87,0,3.2973,15.6295,0.077,0
2,"1,5-cyclooctadiene",111-78-4,C8H12,108,0.88,122.9,1.493,35.73,2.38,0.17,-69,148,1,2.98,8.87,1884.53,0,0.9742,12.848,1.8654,0
3,"trans,trans-2,4-hexadiene",5194-51-4,C6H10,82,0.727,112.9,1.456,30.7,2.22,0.36,-79,79,0.37,3.05,225.18,2089.16,0,1.3634,11.9242,1.6598,0
4,(dichloromethyl)-benzene,98-87-3,C7H6Cl2,161,1.25,128.8,1.55,41.04,6.9,2.05,-16,205,1.99,2.94,0.24,2235.31,0.0081,3.8876,12.8028,0.9402,0
5,1-trans-3-pentadiene,2004-70-8,C5H8,68,0.683,99.7,1.43,25.77,2.32,0.68,-87,42,0.3,2.47,702.08,2326.13,0,1.8346,9.4678,1.6107,0
6,(e)-2-butenenitrile,627-26-9,C4H5N,67,0.823,81.6,1.416,20.47,28.1,4.5,-52,122,0.5,0.18,18.14,3633.34,0,2.9768,6.5427,2.2748,0.0905
7,cis-3-hexene,592-47-2,C6H12,84,0.678,124.1,1.394,29.67,2.06,0.34,-138,66,0.33,3.35,318.26,1891.66,0,0.5181,13.5795,0.9556,0
8,"1,1,1-trichloroethane",71-55-6,C2H3Cl3,133,1.338,99.7,1.438,26.17,7.25,1.9,-30,74,0.39,2.45,73.59,2236.31,0,2.1596,11.0731,0.0711,0
9,"1,1,1-trichloro-2,2,2-trifluoroethane",354-58-5,C2Cl3F3,187,1.566,119.7,1.36,26.41,2.44,0.74,14,46,0.27,3.17,504.26,2093.92,0,1.0688,13.8502,0,0
10,"1,1,2,2-tetrabromoethane",79-27-6,C2H2Br4,346,2.967,116.5,1.628,41.34,7,1.57,0,244,1.76,2.98,0.06,3620.54,0.319,2.4911,13.6132,0.3677,0
11,"1,1,2,2-tetrachloroethane",79-34-5,C2H2Cl4,168,1.59,105.6,1.494,30.71,8.42,1.33,-44,144,0.72,2.46,5.48,2294.92,0.3646,1.6833,12.7559,0.2205,0
12,"1,1,2-trichloro-1,2,2-trifluoroethane",76-13-1,C2Cl3F3,187,1.564,119.8,1.356,26.16,2.41,0.86,-35,48,0.28,3.2,509.96,2088.96,0,0.9368,13.9951,0,0
13,"1,1,2-trichloroethane",79-00-5,C2H3Cl3,133,1.443,92.4,1.471,25.84,7.28,1.36,-37,114,0.63,1.95,19.58,2492.33,0.0155,2.6467,9.9248,0.9174,0
14,"1,1-dichloroethane",75-34-3,C2H4Cl2,99,1.176,84.1,1.416,21.12,10,2.35,-97,57,0.38,1.73,161.66,2552.23,0,2.5644,7.9311,1.1462,0
15,"1,1-dichloroethylene",75-35-4,C2H2Cl2,97,1.175,82.5,1.425,21.1,4.67,1.25,-123,32,0.26,2.15,757.54,2556.47,0,1.5707,9.6523,0.0295,0
16,"1,1-diethoxyethane",105-57-7,C6H14O2,118,0.826,143.1,1.381,33.22,3.8,1.22,-100,103,0.75,2.02,11.17,1827.2,0,1.4419,14.3168,1.3959,0.5351
17,diethoxymethane,462-95-3,C5H12O2,104,0.831,125.3,1.373,28.55,2.53,1.25,-66,87,0.6,1.63,36.03,1972.66,0,1.7109,12.2843,1.5005,0.4966
18,"1,2,3,4-tetrachlorobenzene",634-66-2,C6H2Cl4,216,1.858,116.2,1.58,38.67,3.2,1.9,46,254,1.9,3.86,0.17,2036.95,0,2.0511,16.9031,0.1045,0
19,"1,2,3,4-tetramethylbenzene",488-23-3,C10H14,134,0.901,149,1.515,44.92,2.59,0.39,-4,205,1.29,3.85,1.82,1818.76,0,1.629,15.2425,1.986,0
20,glycerol,56-81-5,C3H8O3,92,1.26,73.1,1.475,20.56,47,2.56,18,290,32.53,-1.27,0.01,3779.8,0.5226,3.8766,4.3563,2.3571,1.0526
21,indane,96-11-7,C3H5Br3,281,2.402,116.9,1.582,39.01,6.45,1.54,17,220,1.26,3.18,4.05,1990.09,0,1.7931,12.6013,1.8795,0
22,"1,2,3-trichloropropane",96-18-4,C3H5Cl3,147,1.394,105.8,1.486,30.36,7.9,1.67,-14,157,0.93,1.97,3.23,2420.38,0,3.845,9.0449,2.0714,0
23,"1,2,4-trichlorobenzene",120-82-1,C6H3Cl3,181,1.454,124.8,1.572,41.04,2.24,1.26,17,214,1.56,3.47,0.59,2134.54,0,2.426,15.0253,0.2031,0
24,"1,2-diaminoethane",107-15-3,C2H8N2,60,0.899,66.9,1.457,18.19,14.2,1.92,9,116,0.92,-1.26,19.85,3182.05,0,3.1424,5.3256,1.0426,1.1094
25,"1,2-dibromoethane",106-93-4,C2H4Br2,188,2.18,86.2,1.538,26.95,4.75,1.04,10,132,0.67,1.87,13.35,3599.2,0,3.2311,7.5502,2.0123,0
26,"1,2-dichlorobenzene",95-50-1,C6H4Cl2,147,1.306,112.6,1.551,35.94,9.93,2.14,-17,181,1.12,2.95,2.17,2299.48,0,2.8864,12.5797,0.3075,0
27,"1,2-dichloroethane",107-06-2,C2H4Cl2,99,1.253,79,1.445,21.01,10.36,1.83,-35,84,0.52,1.34,222.09,2904.4,0,3.5413,5.3904,2.7701,0
28,"1,2-dichloropropane",78-87-5,C3H6Cl2,113,1.155,97.8,1.439,25.73,8.93,1.85,-100,96,0.53,1.96,55.66,2355.37,0,3.08,8.2276,2.0821,0
29,o-difluorobenzene,367-11-3,C6H4F2,114,1.15,99.2,1.443,26.3,14.26,2.53,92,94,0.6,2.29,65.91,2627.52,0,2.8209,10.2579,0.53,0
30,"1,2-dimethoxybenzene",91-16-7,C8H10O2,138,1.084,127.5,1.532,39.5,4.09,1.35,23,206,2.28,1.81,0.12,2361.94,0,4.616,10.0591,2.9819,0.2813
31,"1,2-dimethoxyethane",110-71-4,C4H10O2,90,0.869,103.7,1.38,24,7.2,1.71,-58,85,0.42,0.33,83.42,2260.69,0,1.8566,10.1443,1.4091,0.8766
32,"1,2-dimethylbenzene",95-47-6,C8H10,106,0.88,120.6,1.505,35.8,2.57,0.45,-25,144,0.87,3.01,12.27,2101.99,0,2.1157,11.7367,1.8676,0
33,"1,1'-(1,2-ethanediyl)bis-benzene",103-29-7,C14H14,182,0.966,188.7,1.57,61.93,2.38,0,52,285,6.74,4.3,0,3302.84,0,4.6004,15.8051,3.0744,0
34,propyleneglycol,57-55-6,C3H8O2,76,1.036,73.4,1.431,19.01,32,2.27,-60,187,10.82,-0.59,0.22,1564.35,0.5211,2.2691,6.2323,1.6848,0.9166
35,"1,8-cineole",470-82-6,C10H18O,154,0.923,167.2,1.458,45.63,4.84,1.58,2,176,1.75,3.02,0.54,1888.9,0,0.5839,17.4723,0.5486,0.5615
36,"1,3,5-trimethylbenzene",108-67-8,C9H12,120,0.864,139.2,1.499,40.86,2.4,0.1,-45,165,1.12,3.66,3.87,2260,0,1.7384,14.2382,1.8964,0
37,"1,3-cyclohexadiene",592-57-4,C6H8,80,0.847,94.6,1.473,26.55,2.66,0.38,-89,80,0.53,2.37,131.57,2932.14,0,1.4269,9.4198,1.7428,0
38,"1,3-dibromobenzene",108-36-1,C6H4Br2,236,1.952,120.9,1.606,41.68,5,1.37,-7,219,1.98,3.34,0.15,2264.1,0,3.1732,13.449,0.4092,0
39,"1,3-dichlorobenzene",541-73-1,C6H4Cl2,147,1.288,114.1,1.546,36.14,5,1.68,-25,173,1.18,3.04,2.34,2504.13,0,2.8826,12.8735,0.2869,0
40,"1,3-dichloropropane",142-28-9,C3H6Cl2,113,1.183,95.5,1.449,25.62,9.51,2.09,-100,120,0.62,1.76,16.97,2613.67,0,3.767,6.8896,2.7684,0
41,m-difluorobenzene,372-18-9,C6H4F2,114,1.147,99.5,1.437,26.06,5.24,1.55,82,83,0.62,2.29,86.75,2056.93,0,2.8939,10.1175,0.6638,0
42,"1,3-dimethylbenzene",108-38-3,C8H10,106,0.86,123.5,1.497,36.14,2.4,0.31,-48,139,0.88,3.12,11.57,2099.84,0,2.0279,12.0977,1.8473,0
43,"1,3-dimethyltetrahydropyrimidin-2(1h)-one",7226-23-5,C6H12N2O,128,1.064,120.5,1.488,34.71,36.12,4.17,-20,246,1.79,0.36,0.16,5535.65,0,2.1763,12.254,0.8989,1.3004
44,"1,3-dioxolan-2-one",96-49-1,C3H4O3,88,1.321,66.7,1.42,16.87,89.78,4.51,34,261,1.84,-0.93,0.06,2789.77,0,4.6182,2.7522,3.4769,0.0894
45,"1,4-cyclohexadiene",628-41-1,C6H8,80,0.851,94.2,1.473,26.41,2.26,0.13,-49,89,0.55,2.35,122.44,2958.87,0,1.3648,9.4265,1.8317,0
46,"1,4-dibrombenzene",106-37-6,C6H4Br2,236,1.832,128.8,1.574,42.51,2.57,0,89,219,2.03,3.26,0.16,2661.96,0,3.254,13.2036,0.5222,0
47,"1,4-dibromobutane",110-52-1,C4H8Br2,216,1.826,118.2,1.519,35.89,9.4,2.02,-20,198,1.19,2.5,0.86,2291.18,0,3.8328,9.1785,3.4107,0
48,"1,4-dichlorobenzene",106-46-7,C6H4Cl2,147,1.283,114.6,1.528,35.28,2.41,0,53,174,1.23,2.97,2.25,2253.72,0,2.9965,12.6553,0.3917,0
49,"1,4-dichlorobutane",110-56-5,C4H8Cl2,127,1.139,111.5,1.455,30.26,9.65,2.22,-38,153,0.88,2.17,6.05,2670.83,0,3.7784,8.2454,3.4203,0
50,p-difluorobenzene,540-36-3,C6H4F2,114,1.166,97.9,1.441,25.84,2.26,0,-13,89,0.65,2.2,73.14,2064.6,0,3.0202,9.7244,0.9233,0
51,"1,4-dimethylbenzene",106-42-3,C8H10,106,0.866,122.6,1.495,35.75,2.3,0,13,138,0.88,3.12,12.06,2042.79,0,1.99,12.1367,1.8058,0
52,"1,5-dichloro-pentane",628-76-2,C5H10Cl2,141,1.1,128.2,1.457,34.92,9.92,2.33,-72,180,1.15,2.62,1.31,3199.05,0,3.5259,10.1587,3.7513,0
53,1-bromo-2-chloroethane,107-04-0,C2H4BrCl,143,1.689,84.9,1.491,24.59,7.14,1.21,-18,107,0.57,1.61,39.56,2229.86,0,3.2225,7.0535,1.991,0
54,isobutylbromide,78-77-3,C4H9Br,137,1.253,109.4,1.435,28.53,7.18,1.9,-118,91,0.41,2.64,72.64,2037.29,0,1.555,10.4497,1.9071,0
55,1-bromo-3-methylbutane,107-82-4,C5H11Br,151,1.213,124.5,1.442,32.95,6.05,1.83,-112,119,0.54,3.13,20.17,2227.18,0,1.5247,12.3583,2.0063,0
56,1-bromobutane,109-65-9,C4H9Br,137,1.275,107.5,1.439,28.28,7.16,2.14,-112,103,0.44,2.7,54.27,1367.24,0,1.51,10.7318,2.0342,0
57,1-bromododecane,143-15-7,C12H25Br,249,1.038,240.1,1.458,65.52,4.07,1.95,-10,276,3.78,6.95,0.01,3855.88,0,1.4609,26.6815,2.0477,0
58,"pyrido(2,3-b)pyrazine",629-4-9,C7H15Br,179,1.14,157.1,1.451,42.3,5.33,2.16,-58,178,5.82,-0.73,0,1859.71,0,4.323,8.3424,2.0375,1.0028
59,1-bromohexane,111-25-1,C6H13Br,165,1.175,140.5,1.448,37.61,5.82,2.06,-85,154,0.74,3.77,5.51,2427.84,0,1.4894,14.7143,2.0339,0
60,1-bromonaphthalene,90-11-9,C10H7Br,207,1.484,139.5,1.658,51.39,4.83,1.55,-1,281,3.31,3.6,0.03,1635.53,0,4.08,14.3397,0.5568,0
61,1-bromooctane,111-83-1,C8H17Br,193,1.112,173.7,1.453,46.94,5,1.98,-55,200,1.29,4.84,0.55,2016.95,0,1.4856,18.7126,2.0356,0
62,1-bromopentane,110-53-2,C5H11Br,151,1.219,123.9,1.445,32.98,6.32,2.2,-95,129,0.57,3.24,17.46,2531.41,0,1.4925,12.7172,2.0472,0
63,1-bromopropane,106-94-5,C3H7Br,123,1.435,85.7,1.355,18.68,8.44,2.12,-110,71,0.35,2.16,162.6,3335.15,0,1.656,8.6049,2.0148,0
64,(chloromethyl)-oxirane,106-89-8,C3H5ClO,93,1.175,78.8,1.438,20.68,23,2.02,-57,116,0.85,0.51,12.42,2194.24,0,3.8511,5.0578,2.9679,0.068
65,1-chloro-2-methylbenzene,95-49-8,C7H7Cl,127,1.082,117,1.527,35.97,4.45,1.56,-34,159,0.99,2.98,5.89,2045.37,0,2.8883,12.0851,0.7263,0
66,1-chloro-2-methyl-propane,513-36-0,C4H9Cl,93,0.881,105.1,1.398,25.36,6.49,2,-131,69,0.35,2.46,181.98,1907.44,0,1.4856,10.0834,1.854,0
67,isoamylchloride,107-84-6,C5H11Cl,107,0.872,122.2,1.409,30.22,6.4,1.92,-104,100,0.45,2.88,63.67,2044.72,0,1.6199,11.6468,1.9062,0
68,1-chlorobutane,109-69-3,C4H9Cl,93,0.886,104.5,1.402,25.44,7.39,1.9,-123,78,0.38,2.53,133.3,1754.96,0,1.4586,10.3471,1.996,0
69,1-chlorohexane,544-10-5,C6H13Cl,121,0.878,137.4,1.42,34.77,5.82,1.94,-94,134,0.61,3.59,12.98,2186.6,0,1.4205,14.3805,1.9857,0
70,1-chloronaphthalene,90-13-1,C10H7Cl,163,1.191,136.5,1.633,48.76,5,1.55,-8,259,2.64,3.47,0.13,2186.6,0,3.9726,14.072,0.501,0
71,1-chlorooctane,111-85-3,C8H17Cl,149,0.875,169.9,1.431,43.98,5.05,2,-58,182,1.02,4.63,1.31,1927.12,0,1.4077,18.3812,1.979,0
72,1-chloropentane,543-59-9,C5H11Cl,107,0.882,120.9,1.412,30.07,6.6,2.16,-99,105,0.49,3.06,41.8,1565.23,0,1.4313,12.3426,2.0037,0
73,1-chloropropane,540-54-5,C3H7Cl,79,0.9,87.3,1.388,20.59,8.53,2.06,-122,46,0.3,1.97,436.56,1876.22,0,1.6003,8.2043,1.9897,0
74,dodecanol,112-53-8,C12H26O,186,0.831,224.3,1.441,59.26,6.5,1.6,26,259,31.06,5.23,0,2288.33,0.3219,0.9238,26.0094,0.8682,0.612
75,1-ethyl-4-methylbenzene,622-96-8,C9H12,120,0.866,138.7,1.493,40.32,2.24,0,-62,162,1.11,3.63,4.2,1422.06,0,1.7985,14.1799,1.8363,0
76,1-hexanethiol,111-31-9,C6H14S,118,0.844,140.1,1.449,37.61,4.44,1.55,-81,153,0.83,3.48,5.86,1887.34,0,1.5608,15.0074,1.7619,0.0019
77,1-hexene,592-41-6,C6H12,84,0.668,126,1.388,29.72,2.05,0.46,-138,63,0.34,3.39,301.12,1794.39,0,0.743,13.4655,1.055,0
78,1-iodobutane,542-69-8,C4H9I,184,1.616,113.9,1.498,33.37,6.35,2.1,-103,130,0.59,2.9,11.28,1885.24,0,1.5486,11.7107,1.809,0
79,1-iodo-hexane,638-45-9,C6H13I,212,1.437,147.6,1.493,42.89,5.37,1.94,-75,180,0.92,3.93,1.27,2150.61,0,1.4976,15.6985,1.8233,0
80,1-iodopentane,628-17-1,C5H11I,198,1.512,131,1.496,38.26,5.81,1.85,-86,155,0.67,3.37,4.02,1822.76,0,1.5077,13.7448,1.8107,0
81,1-iodopropane,107-08-4,C3H7I,170,1.743,97.5,1.505,28.93,7.09,2.01,-101,102,0.47,2.37,34.24,1966.97,0,1.6896,9.5907,1.7991,0
82,1-methoxy-2-methylbenzene,578-58-5,C8H10O,122,0.985,124,1.505,36.79,3.57,1,-34,171,1.31,2.88,1.76,2414.48,0,3.2676,11.0468,2.5106,0.0012
83,3-methylanisole,100-84-5,C8H10O,122,0.972,125.7,1.513,37.78,4.08,1.17,-47,177,1.42,2.69,1.49,2154.74,0,3.353,11.0858,2.5232,0.0127
84,4-methylanisole,104-93-8,C8H10O,122,0.97,125.9,1.512,37.79,4.03,1.2,-50,175,1.41,2.71,1.57,2170.93,0,3.3309,11.2563,2.4108,0.0173
85,1-methylnaphthalene,90-12-0,C11H10,142,1.001,142.1,1.618,49.77,2.92,0.37,-22,242,2.39,3.41,0.26,2167.76,0,3.597,13.3106,1.5715,0
86,1-nitropropane,108-03-2,C3H7NO2,89,1.001,89,1.401,21.64,23.24,3.6,-108,131,0.52,1.35,30.16,2110.75,0,2.9625,6.5132,3.2569,0
87,octene,111-66-0,C8H16,112,0.742,151.2,1.409,37.38,2.11,0.39,-102,121,0.59,4.45,27.01,2692.18,0,0.7388,17.4315,1.0696,0
88,1-pentanethiol,110-66-7,C5H12S,104,0.843,123.6,1.447,33,4.55,1.5,-76,125,0.65,2.95,18.74,1655.57,0,1.5559,13.0138,1.7575,0.0027
89,pentene,109-67-1,C5H10,70,0.643,109.1,1.371,24.76,2.1,0.5,-162,30,0.26,2.86,972.54,2046.19,0,0.7529,11.5062,1.0544,0
90,propiophenone,93-55-0,C9H10O,134,1.009,133,1.527,40.89,15.5,2.6,19,218,2.11,2.02,0.25,2254.35,0,3.8382,12.3282,1.6456,0.1677
91,"2,2,3-trimethylbutane",464-6-2,C7H16,100,0.69,145.2,1.389,34.38,1.93,0,-25,81,0.32,3.79,239.46,1694.43,0,0.1505,15.763,0.0024,0
92,"2,2-dichloropropane",594-20-7,C3H6Cl2,113,1.092,103.5,1.412,25.75,11.63,2.35,-34,70,0.43,2.16,58.86,2224.33,0,2.8637,8.7934,1.5804,0
93,"2,2-dimethylbutane",75-83-2,C6H14,86,0.649,132.8,1.369,29.96,1.87,0,-98,50,0.27,3.48,575,1772.22,0,0.1164,14.4922,0.0023,0
94,"2,2-dimethylpentane",590-35-2,C7H16,100,0.674,148.8,1.382,34.64,1.92,0,-125,79,0.35,4.02,167.78,1668.97,0,0.1149,16.506,0.0066,0
95,neopentane,463-82-1,C5H12,72,0.613,117.7,1.351,25.41,1.91,0,-17,9,0.22,3.08,1553.28,1867.55,0,0.1315,12.9557,0,0
96,n-methylpentafluorobenzene,771-56-2,C7H3F5,182,1.436,126.8,1.402,30.88,1.93,2.01,-30,118,0.62,3.31,36.12,2232.76,0,1.8738,15.371,0.0561,0
97,"2,3-dimethyl-1,3-butadiene",513-81-5,C6H10,82,0.726,113.1,1.439,29.73,2.1,0,-76,69,0.32,2.86,377.71,2115.76,0,1.6102,11.0654,1.3625,0
98,"2,3-dimethylpentane",565-59-3,C7H16,100,0.694,144.3,1.392,34.36,1.94,0,-135,90,0.34,4,186.02,1702.71,0,0.1318,16.3432,0,0
99,paraldehyde,123-63-7,C6H12O3,132,0.994,133,1.42,33.65,13.9,1.44,13,124,2.12,1.07,0.48,2087.12,0,3.9787,9.9935,2.7783,0.3201
100,"2,4,6-collidine",108-75-8,C8H11N,121,0.917,132.2,1.498,38.74,12.02,2.04,43,171,1.44,2.32,1.03,2062.78,0,2.5076,13.7115,0.9221,0.464
101,"2,4-dimethyl-3-pentanone",565-80-0,C7H14O,114,0.799,142.9,1.399,34.57,17.07,2.76,-69,124,0.61,2.03,11.47,1818.2,0,1.446,13.8749,1.6011,0.2452
102,"2,4-dimethylaniline",95-68-1,C8H11N,121,0.979,123.8,1.562,40.13,4.9,1.4,-15,216,2.66,1.95,0.27,2349.56,0.12,3.0389,10.8552,2.8877,0.2117
103,"2,4-dimethylpentane",108-08-7,C7H16,100,0.673,148.9,1.382,34.69,1.91,0,-119,81,0.36,4.09,155.22,1670.6,0,0.1239,16.6767,0.004,0
104,"2,4-dimethylpyridine",108-47-4,C7H9N,107,0.931,115.2,1.501,33.92,9.6,2.3,-60,157,1.17,1.67,2.76,2309.6,0,2.7887,11.4867,0.8635,0.4955
105,acetylacetone,123-54-6,C5H8O2,100,0.98,102.2,1.452,27.56,23.1,3.03,-23,140,1.03,-0.33,2.4,2901.15,0,4.3186,6.3831,3.3812,0.2129
106,"2,6-dimethyl-4-heptanone",108-83-8,C9H18O,142,0.807,176.3,1.412,43.86,9.91,2.66,-42,168,0.99,3.15,2.57,1603.78,0,1.513,18.0253,1.3347,0.2493
107,"2,6-dimethylpyridine",108-48-5,C7H9N,107,0.925,115.8,1.497,33.89,7.33,1.68,-6,144,1.16,1.8,3.9,2322.03,0,2.7976,11.4564,0.8721,0.4448
108,2-(2-aminoethyl)aminoethanol,111-41-1,C4H12N2O,104,1.029,101.2,1.486,29.06,18.99,2.65,-28,240,8.26,-0.96,0.12,2574.47,0.0273,3.081,8.8152,1.1889,1.3832
109,ethanolamine,141-43-5,C2H7NO,61,1.012,60.4,1.454,16.35,31.94,2.59,10,170,6,-1.35,2.71,3754.78,0.0067,2.4924,5.4105,1.3032,0.8651
110,2-bromobutane,78-76-2,C4H9Br,137,1.256,109.1,1.437,28.58,8.64,2.23,-112,91,0.42,2.54,64.33,2255.01,0,1.6855,9.9931,2.1651,0
111,2-bromopropane,75-26-3,C3H7Br,123,1.425,86.3,1.314,16.83,9.46,2.21,-89,59,0.36,2.01,149.13,2566.34,0,1.97,7.9017,2.2431,0
112,2-butoxyethanol,111-76-2,C6H14O2,118,0.902,131,1.417,32.95,5.3,2.1,-75,171,2.24,1.57,1.58,1909.25,0.1329,1.6942,13.9128,1.5362,0.7092
113,2-chloro-2-methylpropane,507-20-0,C4H9Cl,93,0.846,109.4,1.386,25.7,10.95,2.13,-26,50,0.36,2.19,161.46,2086.88,0,1.7122,9.1332,2.2438,0
114,2-chloroaniline,95-51-2,C6H6ClN,128,1.213,105.2,1.588,35.39,13.4,1.79,-14,209,2.08,1.69,0.42,2821.29,0.2774,3.4161,9.622,1.8263,0.0918
115,2-chlorobutane,78-86-4,C4H9Cl,93,0.874,105.9,1.397,25.51,8.56,2.04,-141,68,0.36,2.39,163.17,2077.22,0,1.554,9.8275,2.0213,0
116,2-cyanopyridine,100-70-9,C6H4N2,104,1.081,96.3,1.529,29.7,93.77,1.96,27,213,2.06,0.14,0.04,4285.84,0,3.5568,7.7106,2.7352,0.2209
117,ethoxyethanol,110-80-5,C4H10O2,90,0.931,96.8,1.405,23.73,5.3,2.08,-70,135,1.95,0.34,7.83,2385.05,0.138,1.8339,9.8184,1.5441,0.6996
118,2-heptanone,110-43-0,C7H14O,114,0.82,139.3,1.408,34.35,11.95,2.59,-35,150,0.82,1.97,5.38,1860.78,0,2.1603,13.9848,1.5703,0.3572
119,2-hexanone,591-78-6,C6H12O,100,0.807,124.1,1.401,30.15,14.56,2.69,-56,128,0.67,1.46,16.46,2020.55,0,2.1784,11.9701,1.576,0.3554
120,2-iodopropane,75-30-9,C3H7I,170,1.703,99.8,1.499,29.31,8.19,2.09,-90,89,0.47,2.2,32.71,2450.86,0,1.9663,8.792,2.091,0
121,methyl-t-butylether,1634-04-4,C5H12O,88,0.741,119,1.369,26.85,4.5,1.32,-109,55,0.37,1.75,208.11,1950.45,0,0.9107,11.9429,0.5926,0.5289
122,1-cis-2-trans-3-trimethylcyclopentane,90-4-0,C7H9NO,123,1.092,112.7,1.575,37.28,5.23,1.61,5,225,0.64,4.13,26.38,1635.09,0,0.1065,17.0297,0,0
123,2-methoxyethanol,109-86-4,C3H8O2,76,0.965,78.9,1.402,19.21,16.93,2.04,-85,125,1.84,-0.22,16.42,2801.16,0.203,2.1063,7.2498,1.7054,0.7142
124,2-methyl-1-butene,563-46-2,C5H10,70,0.65,107.8,1.379,24.89,2.2,0.51,-137,31,0.25,2.73,1741.3,2076.5,0,0.6964,11.1614,1.0851,0
125,2-methyl-1-heptanol,60435-70-3,C8H18O,130,0.799,163.1,1.422,41.43,5.15,1.62,-112,176,6.01,3.07,0.27,1729.32,0.303,0.8714,17.7426,0.7972,0.567
126,2-methyl-2-butanol,75-85-4,C5H12O,88,0.815,108.2,1.405,26.51,5.82,1.8,-12,102,2.13,1.45,12.08,2145.82,0.2316,1.0585,11.4153,0.6987,0.5895
127,"(1,1-dimethylethyl)benzene",98-06-6,C10H14,134,0.867,154.8,1.493,44.97,2.38,0.45,-58,169,1.28,3.78,2.22,1802.31,0.7924,3.5059,10.5481,4.1213,0
128,2-amino-2-methylpropane,75-64-9,C4H11N,73,0.691,105.8,1.379,24.46,4.31,1.15,-67,44,0.56,1.13,194.26,2189.05,0,1.6178,9.9792,0.4681,0.5718
129,tert-butylthiol,75-66-1,C4H10S,90,0.799,112.9,1.422,28.73,5.48,1.59,1,64,0.43,2.17,97.38,2106.42,0,1.4776,10.365,1.7184,0.0086
130,tert-butanol,75-65-0,C4H10O,74,0.781,94.9,1.387,22.35,10.9,1.66,25,82,2.26,0.88,21.47,2392.81,0.241,1.1732,9.5554,0.8298,0.5563
131,2-methyl-3-heptanol,18720-62-2,C8H18O,130,0.821,158.7,1.425,40.55,3.37,1.62,-85,168,3.58,3.21,0.76,1698.19,0.2079,0.8102,17.7044,0.6909,0.5026
132,2-methyl-benzeneamine,95-53-4,C7H9N,107,0.999,107.3,1.573,35.35,6.34,1.3,-21,200,2.14,1.44,0.53,2729.44,0.1599,3.3015,8.599,2.9535,0.1858
133,2-methylbenzonitrile,529-19-1,C8H7N,117,0.99,118.4,1.528,36.45,18.5,3.77,-12,205,1.55,1.46,0.35,2788.45,0,3.7297,10.2869,2.2036,0.0462
134,2-methylhexane,591-76-4,C7H16,100,0.679,147.6,1.385,34.61,1.92,0,-118,90,0.39,4.27,122.95,1665.48,0,0.0924,17.2126,0.0007,0
135,2-methylpentane,107-83-5,C6H14,86,0.656,131.3,1.371,29.78,1.89,0,-154,60,0.29,3.74,405.18,1769.55,0,0.0948,15.2593,0.0002,0
136,isobutyricacid,79-31-2,C4H8O2,88,0.97,90.9,1.393,21.68,2.6,1.08,-47,155,4.43,0.77,2.41,2746.43,0.6085,1.3995,8.1732,2.5217,0.1328
137,aceticacid-2-methylpropylester,110-19-0,C6H12O2,116,0.875,132.8,1.39,31.47,5.6,1.87,-99,118,0.68,1.85,6.7,1954.98,0,2.3395,12.1975,2.1362,0.2254
138,isobutylformate,542-55-2,C5H10O2,102,0.876,116.6,1.386,27.39,6.41,1.88,-96,98,0.65,1.53,35.67,2180.91,0,2.204,10.4753,2.2592,0.1003
139,2-methyl-1-propanamine,78-81-9,C4H11N,73,0.735,99.6,1.397,23.98,4.4,1.15,-87,68,0.48,1.14,174.41,2211.16,0,1.5451,10.2721,0.4833,0.5862
140,isobutylbenzene,538-93-2,C10H14,134,0.872,154,1.493,44.74,2.35,0.4,-51,173,1.35,4,1.83,1761.21,0,1.9856,15.6997,1.5943,0
141,2-methyltetrahydrofuran,96-47-9,C5H10O,86,0.86,100.2,1.407,24.65,6.97,1.38,-136,78,0.57,1.32,67.75,2057.11,0,0.7276,11.1082,0.8293,0.5053
142,1-methoxy-2-nitrobenzene,91-23-6,C7H7NO3,153,1.254,122.1,1.562,39.6,43,4.83,10,272,3.16,1.66,0.01,2777.54,0,5.133,8.7724,3.7532,0.004
143,2-nitropropane,79-46-9,C3H7NO2,89,0.992,89.8,1.392,21.39,25.5,3.76,-93,120,0.44,1.39,57.78,2596.21,0,3.2049,6.1131,3.169,0
144,2-nitrotoluene,88-72-2,C7H7NO2,137,1.163,118,1.547,37.43,27.4,3.7,-4,222,1.6,2.28,0.43,2487.03,0,4.0104,9.4584,2.976,0.0005
145,2-octanol,123-96-6,C8H18O,130,0.819,159,1.424,40.6,8.2,1.13,-32,180,6.38,3.14,0.25,1711.63,0.25,0.9595,18.0129,0.7879,0.5549
146,2-octanone,111-13-7,C8H16O,128,0.818,156.8,1.415,39.29,10.39,2.7,-16,173,1.14,2.53,1.73,1740.13,0,2.1925,15.9241,1.5633,0.3647
147,phenylacetonitrile,140-29-4,C8H7N,117,1.015,115.4,1.523,35.26,18.3,3.59,-24,234,2.47,0.95,0.06,3208.54,0,4.8028,8.9458,2.6989,0.0646
148,2-phenylethanol,60-12-8,C8H10O,122,1.017,120.1,1.532,37.22,13,1.6,-27,220,10.88,1.42,0.09,2436.9,0.3651,3.4166,10.3534,2.2819,0.5445
149,2-propen-1-amine,107-11-9,C3H7N,57,0.758,75.3,1.421,19.1,5.96,1.25,-88,55,0.53,0.29,270.44,2994.95,0.0019,2.728,5.9508,1.3474,0.5426
150,2-propen-1-ol,107-18-6,C3H6O,58,0.854,68,1.412,16.92,21,1.6,-129,97,2.56,0.13,36.97,3482.53,0.3421,2.2302,5.7705,1.4553,0.5361
151,2-propenenitrile,107-13-1,C3H3N,53,0.806,65.8,1.391,15.64,33.01,3.9,-84,78,0.45,-0.16,73.57,5223.07,0,2.5836,5.0073,2.1978,0.0407
152,2-undecanone,112-12-9,C11H22O,170,0.825,206.4,1.429,53.22,8.4,2.69,15,229,2.44,4.12,0.06,1479.86,0,2.1765,21.9036,1.5806,0.3575
153,"3,3-dimethyl-2-butanone",75-97-8,C6H12O,100,0.807,124.1,1.397,29.89,12.73,2.75,-53,106,0.52,1.33,34.21,2006.19,0,1.9181,11.2112,1.5498,0.3146
154,"3,3-dimethylpentane",562-49-2,C7H16,100,0.693,144.6,1.391,34.35,1.94,0,-135,86,0.33,3.9,211.66,1695.24,0,0.1326,16.0287,0.0057,0
155,"3,4-dimethylpyridine",583-58-4,C7H9N,107,0.955,112.2,1.511,33.61,11.47,1.87,-11,164,1.14,1.39,2.32,2374.04,0,2.889,10.9857,0.8655,0.5379
156,"1,1'-oxybis-2-ethoxy-ethane",112-36-7,C8H18O3,162,0.906,179.1,1.411,44.46,5.7,1.96,-44,187,1.66,1.58,0.06,1694.67,0,2.2639,18.2359,2.0037,1.2249
157,3-bromoaniline,591-19-5,C6H6BrN,172,1.579,108.9,1.626,38.56,13,2.99,18,251,3.21,1.69,0.03,3275.27,0.347,3.74,9.8765,1.8896,0.1202
158,3-bromopentane,1809-10-5,C5H11Br,151,1.211,124.7,1.443,33.07,8.37,2.29,-126,118,0.5,3.07,27.54,2039.31,0,1.412,12.1131,2.0599,0
159,3-bromopropene,106-95-6,C3H5Br,121,1.398,86.5,1.47,24.14,7,1.4,-119,71,0.44,1.76,87.56,3192.83,0,3.0687,6.5518,2.2386,0
160,3-bromopyridine,626-55-1,C5H4BrN,158,1.617,97.7,1.57,32.06,9.85,1.99,-27,173,1.54,1.42,1.14,3424.05,0,3.1841,9.7014,0.9265,0.3372
161,3-chlorobenzeneamine,108-42-9,C6H6ClN,128,1.214,105.1,1.594,35.66,13.4,2.43,-10,230,2.65,1.51,0.1,2932.79,0.3403,3.6706,9.4491,1.8774,0.1236
162,3-chloropropene,107-05-1,C3H5Cl,77,0.94,81.4,1.416,20.43,8.2,1.94,-135,45,0.38,1.56,278.8,2808.84,0,3.0252,6.0539,2.2724,0
163,3-chlorotoluene,108-41-8,C7H7Cl,127,1.072,118.1,1.522,36.01,5.55,1.6,-48,162,1.04,3.04,3.84,2172.55,0,2.8977,12.432,0.6815,0
164,3-ethylpentane,617-78-7,C7H16,100,0.699,143.4,1.394,34.28,1.94,0,-119,93,0.34,4.01,185.33,1693.94,0,0.108,16.3697,0.0002,0
165,3-heptanol,589-82-2,C7H16O,116,0.817,142.2,1.42,35.99,6.86,1.71,-70,157,3.47,2.66,1.24,1821.73,0.2338,0.8062,16.1579,0.7007,0.5141
166,3-heptanone,106-35-4,C7H14O,114,0.818,139.6,1.409,34.49,12.9,2.78,-37,147,0.76,2.1,7.48,1851.39,0,5.4652,8.0513,4.5991,0.0636
167,dmtt(dazomet),57-6-7,C4H5NS,99,1.017,97.5,1.527,29.97,17.2,3.3,-102,154,7.93,0.73,0,2957.82,0.3207,1.0125,11.5938,0.8713,0.6146
168,isopentanol,123-51-3,C5H12O,88,0.81,108.8,1.401,26.46,15.2,1.7,-134,130,3.87,1.4,4.47,2211.51,0,1.9973,9.8004,1.6051,0.3226
169,3-methyl-2-butanone,563-80-4,C5H10O,86,0.804,107.1,1.388,25.28,16.57,2.79,-92,94,0.46,0.92,67.58,2212.99,0.1952,3.2781,8.7341,2.9875,0.2089
170,3-methylaniline,108-44-1,C7H9N,107,0.999,107.3,1.567,35.04,5.95,1.3,-44,203,2.51,1.4,0.4,2731.64,0.6133,1.4796,10.0498,2.4548,0.1303
171,isovalericacid,503-74-2,C5H10O2,102,0.925,110.4,1.403,26.96,2.6,0.63,-29,176,5.57,1.26,1.39,2430.92,0,2.4622,13.8929,2.0903,0.2289
172,3-methyl-hexane,589-34-4,C7H16,100,0.69,145.2,1.389,34.33,1.93,0,-119,92,0.35,4.17,142.74,1685.06,0,0.1052,16.9964,0.0021,0
173,3-hydroxytoluene,108-39-4,C7H8O,108,1.034,104.6,1.54,32.8,11.5,1.6,11,203,5.49,1.85,0.28,2713.09,0.6502,2.4956,9.1501,2.6786,0.0361
174,3-picoline,108-99-6,C6H7N,93,0.957,97.4,1.507,28.97,11.1,2.41,-18,144,0.95,1.04,7.45,2689.46,0,2.9791,9.3148,0.8226,0.498
175,3-octanol,589-98-0,C8H18O,130,0.818,159.3,1.421,40.39,7.03,1.74,-45,175,4.2,3.23,0.47,1698.18,0.2334,0.8084,18.2101,0.714,0.5093
176,3-pentanone,96-22-0,C5H10O,86,0.815,105.7,1.392,25.17,17.3,2.7,-39,101,0.49,1.06,66.29,2215.52,0,2.0329,10.1091,1.4872,0.342
177,"n,n,4-trimethylaniline",99-97-8,C9H13N,135,0.937,144.4,1.547,45.77,3.9,1.23,-25,211,1.68,3.35,0.48,1944.94,0,2.7209,13.2801,2.9341,0
178,1-chloro-4-methylbenzene,106-43-4,C7H7Cl,127,1.071,118.2,1.521,35.99,6.08,2.21,7,162,1.04,3.02,3.98,2176.29,0,2.8811,12.4175,0.6676,0
179,4-ethylpyridine,536-75-4,C7H9N,107,0.941,113.9,1.502,33.61,10.98,2.65,-91,167,1.19,1.52,2.73,2331.27,0,2.7352,11.431,0.8189,0.5176
180,4-fluorotoluene,352-32-9,C7H7F,110,0.998,110.4,1.469,30.73,5.86,2,-57,116,0.74,2.68,27.07,2303.09,0,2.7589,11.0218,1.0309,0
181,4-heptanol,589-55-9,C7H16O,116,0.815,142.6,1.418,35.94,6.17,1.7,-42,155,3.11,2.7,0.84,1811.59,0.2336,0.7878,16.2418,0.7033,0.5085
182,4-heptanone,123-19-3,C7H14O,114,0.815,140.1,1.407,34.49,12.6,2.68,-33,144,0.57,2.21,9.19,1835.74,0,1.6817,14.4666,1.5266,0.3075
183,p-anisidine,104-94-9,C7H9NO,123,1.061,116.1,1.556,37.32,8.84,1.8,57,246,4.56,0.86,0.03,2964.45,0.1532,4.6182,8.0269,3.3973,0.2875
184,"4-methyl-1,3-pentadiene",926-56-7,C6H10,82,0.719,114.3,1.45,30.73,2.6,0.52,-70,76,0.37,2.87,233.05,2128.2,0,1.7508,11.042,1.7601,0
185,4-methyl-3-heptanol,14979-39-6,C8H18O,130,0.794,164,1.418,41.32,5.25,1.23,-123,170,3.47,3.15,1.05,1711.92,0.2641,0.8773,17.2369,0.673,0.4896
186,4-methyl-3-penten-2-one,141-79-7,C6H10O,98,0.858,114.4,1.444,30.39,15.1,3.28,-59,130,0.61,1.23,17.73,2245.18,0,2.6363,10.752,1.5491,0.3235
187,4-methylaniline,106-49-0,C7H9N,107,0.954,112.3,1.553,35.96,4.98,1.38,45,200,2.52,1.41,0.44,2699.71,0.1835,3.2268,8.9168,2.891,0.2179
188,4-methylpentanitrile,542-54-1,C6H11N,97,0.803,121,1.406,29.72,15,3.53,-51,154,0.7,1.23,5.2,2296.36,0,2.2996,11.1489,2.3003,0.1037
189,4-methylpyridine,108-89-4,C6H7N,93,0.957,97.3,1.505,28.86,12.28,2.7,4,145,0.96,0.99,6.78,2684,0,3.0701,9.2139,0.8074,0.5253
190,p-nitroanisole,100-17-4,C7H7NO3,153,1.219,125.6,1.571,41.25,27.98,5.26,54,259,3.1,1.92,0.01,2684.05,0,4.8789,8.8838,3.9862,0.0129
191,octan-4-ol,589-62-8,C8H18O,130,0.815,159.7,1.423,40.65,5.12,1.15,-41,177,3.96,3.27,0.51,1691.11,0.234,0.7894,18.2072,0.7038,0.5105
192,5-nonanone,502-56-7,C9H18O,142,0.818,173.9,1.42,44,10.6,2.71,-50,188,0.95,3.19,1.1,1618.72,0,1.6633,18.3632,1.5162,0.3085
193,acenaphthene,83-32-9,C12H10,154,1.024,150.6,1.605,51.84,3,0.93,94,277,3.13,3.53,0.1,2008.75,0,3.1984,13.8007,2.0335,0
194,acetaldehydeoxime,107-29-9,C2H5NO,59,0.97,60.9,1.426,15.61,3.4,0.75,45,115,3.87,-0.17,15.47,4240.85,0.587,1.9906,4.953,2.0692,0.3158
195,aceticacid,64-19-7,C2H4O2,60,1.051,57.1,1.372,12.99,6.2,1.68,17,118,3.54,-0.47,6.36,4568.48,0.6156,2.1773,3.7194,2.5791,0.1727
196,aceticanhydride,108-24-7,C4H6O3,102,1.082,94.4,1.39,22.37,20,2.8,-73,139,0.78,0.35,1.6,3069.35,0,4.3632,5.7066,3.7543,0.0223
197,acetophenone,98-86-2,C8H8O,120,1.024,117.3,1.533,36.39,17.4,3.05,20,202,1.82,1.34,0.47,2574.02,0,4.0974,10.1538,1.6949,0.2091
198,acetylchloride,75-36-5,C2H3ClO,79,1.104,71.1,1.39,16.85,15.8,2.72,-112,52,0.36,1.21,245.56,3249.52,0,2.8587,5.5047,1.9484,0
199,aniline,62-53-3,C6H7N,93,1.022,91.1,1.583,30.45,6.7,1.51,-6,184,2.04,0.89,0.87,3324.26,0.225,3.4954,6.5633,3.0157,0.1897
200,anthracene,120-12-7,C14H10,178,1.25,142.6,1.595,48.44,2.35,0,218,340,6.89,3.91,0,2094.78,0,5.0605,15.2328,1.2665,0
201,benzaldehyde,100-52-7,C7H6O,106,1.042,101.9,1.546,32.28,17.8,2.89,-26,178,1.42,1.1,1.79,2922.69,0,3.872,8.7338,1.7424,0.1413
202,benzene,71-43-2,C6H6,78,0.879,88.9,1.501,26.2,2.28,0,6,80,0.58,2.05,102.17,2696.49,0,2.6909,7.9971,1.4491,0
203,benzoylchloride,98-88-4,C7H5ClO,141,1.212,116,1.554,37.15,23,3.26,-1,197,1.37,2.77,0.69,2454.19,0,3.4652,10.969,1.7651,0
204,aceticacidphenylmethylester,140-11-4,C9H10O2,150,1.057,142.1,1.523,43.4,5.1,1.22,-51,214,2.96,1.99,0.06,2268.05,0,5.3518,11.1362,3.0042,0.1584
205,benzylalcohol,100-51-6,C7H8O,108,1.044,103.6,1.54,32.5,13,1.71,-15,205,9.43,1.14,0.11,2777.1,0.3428,3.4727,8.8995,1.8971,0.4821
206,(chloromethyl)-benzene,100-44-7,C7H7Cl,127,1.1,115.1,1.539,36.05,7,1.82,-39,179,1.64,2.39,0.89,2441.54,0,4.219,9.4196,2.3651,0
207,benzylamine,100-46-9,C7H9N,107,0.982,109.2,1.544,34.45,4.6,1.1,10,185,1.67,1.2,1.06,2545.61,0.0013,4.0152,8.9591,1.9163,0.5678
208,biphenyl,92-52-4,C12H10,154,0.99,155.8,1.614,54.31,2.53,0,69,255,4.32,3.59,0.03,2176.26,0,4.6012,13.5139,1.8097,0
209,bis(2-chloroethyl)ether,111-44-4,C4H8Cl2O,143,1.219,117.3,1.457,31.95,20.79,2.43,-50,178,1.3,1.42,0.34,2506.93,0,5.4504,7.0505,4.0924,0.2233
210,bromobenzene,108-86-1,C6H5Br,157,1.492,105.2,1.559,33.98,5.4,1.55,-31,156,1.08,2.66,3.17,2853.99,0,3.2399,10.7588,0.5845,0
211,bromocyclohexane,108-85-0,C6H11Br,163,1.336,122,1.495,35.59,7.92,2.2,-57,164,0.97,2.97,3.14,1979.7,0,1.0652,12.275,2.2695,0
212,bromoethane,74-96-4,C2H5Br,109,1.47,74.1,1.425,18.95,4.9,2.04,-119,38,0.3,1.57,419.81,3098.89,0,2.0499,6.2411,2.0453,0
213,bromotrichloromethane,75-62-7,CBrCl3,198,2,99.1,1.506,29.45,2.47,0.4,-6,105,0.45,2.99,43.95,2554.01,0,1.3044,12.63,0,0
214,butanal,123-72-8,C4H8O,72,0.811,88.9,1.394,21.28,13.4,2.72,-96,75,0.39,0.68,266.2,2511.88,0,2.166,8.081,1.7293,0.1923
215,butane,106-97-8,C4H10,58,0.579,100.4,1.333,20.63,1.77,0,-138,-1,0.18,2.81,4055.42,2045.85,0,0.0682,11.682,0,0
216,butyronitrile,109-74-0,C4H7N,69,0.795,86.9,1.384,20.31,20.7,4.07,-112,118,0.46,0.26,34.15,3008.39,0,2.4474,7.4053,2.2948,0.1051
217,butanethiol,109-79-5,C4H10S,90,0.842,107.2,1.443,28.38,4.95,1.53,-116,98,0.5,2.42,58.77,2109.26,0,1.5735,11.0089,1.7525,0.0018
218,butyricacid,107-92-6,C4H8O2,88,0.96,91.8,1.398,22.16,2.8,1.65,-8,164,4.9,0.68,1.82,2809.86,0.6056,1.5856,8.2556,2.5376,0.1481
219,1-butanol,71-36-3,C4H10O,74,0.81,91.5,1.399,22.16,17.51,1.75,-90,118,2.92,0.97,11.77,2443.75,0.3209,0.9353,10.0594,0.8895,0.6241
220,butylphenylether,1126-79-0,C10H14O,150,0.934,160.8,1.497,47.06,3.73,1.19,-19,208,2.31,3.91,0.17,1810.09,0,2.9735,15.6817,2.4142,0.0166
221,1-butylamine,109-73-9,C4H11N,73,0.74,98.8,1.401,24.01,5.4,1,-49,77,0.49,1.21,153.76,2208.19,0,1.5537,10.6041,0.4939,0.5815
222,cs2,75-15-0,CS2,76,1.26,60.4,1.628,21.44,2.64,0,-112,46,0.25,2.31,888.62,3637.88,0,0.1082,9.8432,0,0
223,chlorobenzene,108-90-7,C6H5Cl,113,1.106,101.8,1.525,31.18,5.62,1.54,-45,132,0.86,2.5,12.24,2482.15,0,3.1312,10.4428,0.5267,0
224,chlorocyclohexane,542-18-7,C6H11Cl,119,0.989,119.9,1.462,32.97,7.6,2.19,-44,142,0.84,2.8,7.53,1854.1,0,0.9945,11.9681,2.1824,0
225,"cis-1,2-dichloroethene",156-59-2,C2H2Cl2,97,1.282,75.6,1.446,20.17,9.2,2.95,-80,60,0.32,1.78,366.62,2768.39,0,1.8803,8.9786,0.295,0
226,cis-decalin,493-01-6,C10H18,138,0.897,154.1,1.48,43.78,2.23,0,-43,193,1.28,4.35,3.06,1541.19,0,0.0288,18.1379,0.0027,0
227,isopropylbenzene,98-82-8,C9H12,120,0.857,140.3,1.491,40.62,2.38,0.65,-96,151,1.1,3.51,4.62,1920.88,0,2.1168,13.6997,1.7241,0
228,cycloheptatriene,544-25-2,C7H8,92,0.887,103.9,1.517,31.43,2.54,0.25,-80,116,0.79,2.43,28.7,2282.3,0,2.4097,9.32,2.022,0
229,cyclohexylamine,108-91-8,C6H13N,99,0.865,114.7,1.459,31.35,4.43,1.31,-18,135,1.29,1.57,9.86,1968.52,0,1.427,12.0594,0.4988,0.6121
230,cyclohexanecarboxylicacid,98-89-5,C7H12O2,128,1.025,125,1.454,33.84,2.67,0.9,31,233,13.32,1.69,0.06,2131.02,0.6059,0.8899,12.2461,2.5426,0.1429
231,cyclohexanol,108-93-0,C6H12O,100,0.949,105.5,1.465,29.18,15,1.85,26,161,6.08,1.3,0.93,2135.52,0.2958,0.774,11.7371,0.8176,0.6256
232,cyclohexene,110-83-8,C6H10,82,0.811,101.3,1.447,27.06,2.22,0.33,-104,83,0.47,2.74,178.45,1990.16,0,0.4225,11.5403,1.0163,0
233,aceticacidcyclohexylester,622-45-7,C8H14O2,142,0.97,146.6,1.442,38.79,5.08,1.9,-65,172,1.56,2.31,0.56,1790.26,0.3232,0.9139,14.095,0.8602,0.6183
234,aceticacidcyclohexylester,292-64-8,C8H16,112,0.834,134.6,1.459,36.78,2.12,0,15,149,0.78,3.86,19.58,1645.04,0,1.8597,14.3209,2.3065,0.2041
235,cyclooctane,629-20-9,C8H8,104,0.918,113.5,1.538,35.49,2.46,0.07,-5,141,1.18,2.5,6.04,2308,0,0.0239,16.1838,0.0007,0
236,"1,3,5,7-cyclooctatetraene",287-92-7,C5H10,70,0.745,94.1,1.406,23.13,1.84,0,-94,49,0.32,2.81,737.31,1967.04,0,3.2517,9.408,2.2915,0
237,cyclopentanone,120-92-3,C5H8O,84,0.95,88.5,1.437,23.2,14.45,3.28,-58,131,0.71,0.33,23.49,2406.25,0,2.1009,8.2737,1.7077,0.3661
238,carvon,99-49-0,C10H14O,150,0.961,156.3,1.497,45.74,11,3.17,89,230,2.7,2.01,0.06,1901.68,0,3.347,13.9657,2.3151,0.4097
239,n-decane,124-18-5,C10H22,142,0.73,194.9,1.408,48.08,1.95,0.07,-30,174,0.95,5.99,2.93,1437.47,0,0.0747,23.589,0.0039,0
240,1-decanol,112-30-1,C10H22O,158,0.83,190.8,1.437,49.98,8.1,1.6,6,233,15.92,4.15,0.01,1555.09,0.3214,0.9238,22.0178,0.8658,0.6156
241,di-n-butylsulfide,544-40-1,C8H18S,146,0.839,174.4,1.453,47.13,4.41,1.59,-80,189,0.93,4.36,1.06,1616.11,0,1.225,18.8695,1.8107,0.0245
242,dibenzofuran,132-64-9,C12H8O,168,1.089,154.5,1.608,53.42,3,0.86,82,285,4.71,3.69,0.02,2214.21,0,4.5789,13.6938,1.5619,0
243,dibenzylether,103-50-4,C14H14O,198,1.044,189.9,1.561,61.5,3.86,1.39,3,297,9.26,3.73,0,1885.65,0,5.6387,16.8008,2.8201,0.3696
244,ch2br2,74-95-3,CH2Br2,174,2.495,69.7,1.541,21.88,7.8,1.78,-53,97,0.5,1.64,44.84,4397.27,0,2.2843,7.7463,0.8667,0
245,decanedioicaciddibutylester,109-43-3,C18H34O4,314,0.941,334.2,1.443,88.55,4.54,2.64,-10,349,40.83,6.45,0,1203.17,0,3.5484,34.15,4.6371,0.3389
246,di-n-butylether,142-96-1,C8H18O,130,0.769,169.4,1.397,40.78,3.1,1.18,-95,142,0.57,4.05,6.21,1580.72,0,0.2562,19.5061,0.8201,0.3809
247,dibutylphthalate,84-74-2,C16H22O4,278,1.043,266.9,1.493,77.56,6.44,2.83,-35,340,22.94,4.62,0,1476.43,0,4.4145,25.3699,3.8996,0.1283
248,dibutylamine,111-92-2,C8H19N,129,0.767,168.5,1.415,42.23,3.2,0.98,-62,160,0.6,3.97,4.67,1578.86,0,0.797,19.658,0.3598,0.4792
249,ch2cl2,75-09-2,CH2Cl2,85,1.326,64.1,1.424,16.35,8.93,1.14,-97,39,0.32,1.23,483.81,3060.21,0,2.1306,6.8777,0.8382,0
250,diethanolamine,111-42-2,C4H11NO2,105,1.097,95.8,1.478,27.13,25.75,2.79,29,270,18.47,-0.7,0.02,2706.03,0.0172,3.3313,8.5372,1.7764,1.3147
251,"2,4,4-trimethyl-2-pentanethiol",141-5-9,C8H12O4,172,1.052,163.7,1.441,43.22,6.56,2.39,0,214,0.86,3.7,3.39,1618.17,0,1.3301,16.3804,1.6506,0.0164
252,diethylmaleate,141-05-9,C8H12O4,172,1.066,161.5,1.44,42.57,8.58,2.55,-11,220,2.76,1.73,0.02,2098.59,0,4.8923,12.4425,4.3421,0.1093
253,ethylsuccinate,123-25-1,C8H14O4,174,1.042,167.2,1.42,42.31,6.64,2.17,-21,218,2.54,1.79,0.02,1924.79,0,5.1538,12.6776,4.4865,0.1288
254,diethyldisulfide,110-81-6,C4H10S2,122,0.988,123.7,1.507,36.82,15.9,2.01,-102,152,0.71,3.09,5.79,2095.96,0,2.185,12.2194,1.937,0
255,ethyloxalat,95-92-1,C6H10O4,146,1.079,135.4,1.41,33.56,8.1,2.54,-40,183,1.53,1.3,0.44,2253.69,0,4.9522,9.7424,4.2673,0.0678
256,diethylmalonate,105-53-3,C7H12O4,160,1.055,151.8,1.414,37.94,7.87,2.57,-50,197,2.66,1.4,0.04,2118.58,0,5.0483,11.2793,4.4405,0.1119
257,diethylsulfide,352-93-2,C4H10S,90,0.835,108,1.442,28.58,7.2,1.52,-104,91,0.45,2.19,80.99,2187.65,0,1.7231,10.3729,1.853,0.0105
258,diethylamine,109-89-7,C4H11N,73,0.702,104.2,1.386,24.49,3.92,0.92,-50,55,0.42,1.8,318.2,2101.74,0,0.9019,11.6415,0.363,0.4687
259,diethyleneglycol,111-46-6,C4H10O3,106,1.118,94.9,1.445,25.26,31.7,2.31,-8,245,19.33,-0.95,0.03,2968.53,0.2841,3.3655,7.8201,2.0778,1.136
260,diiodomethane,75-11-6,CH2I2,268,3.322,80.6,1.74,32.52,5.3,1.15,6,181,0.84,1.99,2.21,3461.91,0,2.5828,9.054,0.9066,0
261,"2,4-dimethyl-3-thiapentane",625-80-9,C6H14S,118,0.814,145.3,1.439,38.17,5.81,1.67,-106,120,0.67,3.11,10.71,1831.48,0,1.2843,14.2376,1.8247,0.0433
262,diisopropylamine,108-18-9,C6H15N,101,0.71,142.5,1.392,33.94,3.04,1.2,-61,84,0.53,2.79,45.99,1790.08,0,0.9438,14.8351,0.2911,0.4439
263,dimethoxymethane,109-87-5,C3H8O2,76,0.86,88.5,1.353,19.19,2.7,0.91,-105,42,0.38,0.41,395.84,2508.92,0,2.3809,7.4939,1.5481,0.4864
264,dimethyldisulfide,624-92-0,C2H6S2,94,1.056,89.2,1.525,27.34,9.77,1.99,-85,110,0.52,2.05,28.69,2688.21,0,2.8412,8.0198,2.0139,0
265,dimethylphthalate,131-11-3,C10H10O4,194,1.19,163.2,1.515,49.21,8.5,2.66,2,283,7.37,1.71,0,2283.88,0,5.979,11.9547,4.0104,0.0951
266,dimethylmalonate,108-59-8,C5H8O4,132,1.119,118.1,1.42,29.88,10.3,1.52,-62,179,2.03,0.52,0.46,2728.4,0,5.5246,6.6417,4.543,0.0738
267,dimethylsulfate,77-78-1,C2H6O4S,126,1.322,95.4,1.386,22.41,50.28,4.02,-32,188,0.96,1.34,1.65,3060.39,0,4.4447,5.1452,4.3194,0
268,dimethylsulfide,75-18-3,C2H6S,62,0.842,73.8,1.435,19.26,6.3,1.5,-83,38,0.3,1.24,625.9,2746.48,0,1.9914,6.6373,1.7549,0.0175
269,dimethylcyanamide,1467-79-4,C3H6N2,70,0.88,79.7,1.41,19.73,37.23,4.77,-41,162,0.55,-1.04,4.23,3407.19,0,3.5131,5.6979,2.097,0.5017
270,dioxane,123-91-1,C4H8O2,88,1.034,85.2,1.422,21.68,2.25,0.45,12,101,0.96,-0.15,22.56,2604.65,0,2.8097,6.8387,1.7001,0.6925
271,di-n-pentylether,693-65-2,C10H22O,158,0.785,201.6,1.412,50.17,3.1,1.2,-69,188,1.05,5.09,0.55,1442.43,0,0.2419,23.5277,0.8227,0.3732
272,diphenylether,101-84-8,C12H10O,170,1.08,157.6,1.579,52.38,3.9,1.17,25,257,5.66,3.85,0.01,2108.01,0,5.0603,14.1079,2.0208,0
273,diphenylmethane,101-81-5,C13H12,168,1.006,167.2,1.575,55.26,2.61,0.26,91,263,5.87,3.9,0.01,1985.88,0,4.5268,14.5377,2.8357,0
274,di-n-propylether,111-43-3,C6H14O,102,0.7,146,1.381,33.89,3.39,1.12,-122,90,0.32,3.02,32.37,1770.86,0,0.3283,15.5305,0.807,0.3778
275,dipropylamine,142-84-7,C6H15N,101,0.74,136.7,1.405,33.52,2.9,1.04,-63,245,0.41,2.94,32.87,1768.23,0,0.8277,15.6483,0.3549,0.4786
276,dodecane,112-40-3,C12H26,170,0.749,227.4,1.422,57.74,2,0.07,-10,216,1.53,7.04,0.28,1336.65,0,0.0757,27.5696,0.0003,0
277,glycol,107-21-1,C2H6O2,62,1.115,55.7,1.429,14.35,37.7,2.27,-13,198,13.55,-1.34,0.22,4546.93,0.5717,2.6165,3.9524,1.6228,0.9899
278,ethanethiol,75-08-1,C2H6S,62,0.862,72.1,1.432,18.69,6.9,1.57,-148,35,0.32,1.3,544.32,2776.95,0,1.8583,6.7083,1.7822,0.0031
279,ethanol,64-17-5,C2H6O,46,0.789,58.4,1.361,12.93,24.55,1.66,-114,78,2.47,-0.22,57.83,3519.08,0.3211,1.1177,5.8638,0.8643,0.652
280,ethoxybenzene,103-73-1,C8H10O,122,0.967,126.3,1.507,37.6,4.22,1.41,-30,170,1.44,2.77,1.35,2175.98,0,3.4045,11.2596,2.4114,0.0224
281,2-hydroxypropanoicacidethylester,97-64-3,C5H10O3,118,1.03,114.7,1.415,28.72,13.1,2.55,-26,154,1.49,0.97,1.8,2237.29,0.0578,3.6179,9.1712,2.6309,0.5165
282,ethylacetoacetate,141-97-9,C6H10O3,130,1.028,126.6,1.419,31.97,15.7,2.96,-43,180,1.58,0.42,0.24,2477.98,0,5.0368,8.2689,4.129,0.2007
283,ethylacetate,141-78-6,C4H8O2,88,0.901,97.8,1.372,22.26,6.02,1.88,-84,77,0.46,0.78,71.18,2450.55,0,2.8923,7.89,2.3398,0.2232
284,ethylbenzoate,93-89-0,C9H10O2,150,1.05,143,1.505,42.42,6,2,-34,212,2.04,2.63,0.14,2131.28,0,3.9299,13.1373,2.0234,0.0917
285,ethylbutyrate,105-54-4,C6H12O2,116,0.879,132.2,1.392,31.47,5.1,1.76,-93,120,0.67,1.92,10.2,1955.52,0,2.2944,12.4916,2.3193,0.172
286,ethylchloroacetate,105-39-5,C4H7ClO2,123,1.159,105.7,1.421,26.81,12.78,2.65,-27,143,1.11,1.26,1.65,2576.15,0,3.8942,8.2132,3.1586,0.0832
287,cyanoaceticacidethylester,105-56-6,C5H7NO2,113,1.063,106.4,1.418,26.82,26.9,4.04,-23,207,2.32,-0.07,0.06,3626.31,0.0131,4.6796,6.754,4.303,0.0384
288,ethylformate,109-94-4,C3H6O2,74,0.917,80.8,1.359,17.78,8.4,1.94,-80,54,0.46,0.37,223.13,2979.07,0,2.7459,6.1139,2.3771,0.0988
289,ethylhexanoate,123-66-0,C8H16O2,144,0.871,165.6,1.407,40.76,4.57,1.6,-67,168,1.06,3.05,0.83,1696.84,0,2.2176,16.5363,2.2936,0.1768
290,ethylisothiocyanate,542-85-8,C3H5NS,87,1,87.1,1.51,26.06,19.5,3.31,-5,131,0.49,1.95,30.39,2947.44,0,2.4722,8.3994,2.2361,0
291,ethylnitrate,625-58-1,C2H5NO3,91,1.108,82.2,1.385,19.28,19.4,2.41,-95,88,0.35,2.01,396.32,2562.71,0,3.0909,6.1311,2.7761,0
292,ethylpropionate,105-37-3,C5H10O2,102,0.892,114.5,1.384,26.77,5.65,1.74,-73,98,0.52,1.46,20.56,2148.08,0,2.5083,10.2172,2.3221,0.1802
293,ethyl-2-hydroxybenzoate,118-61-6,C9H10O3,166,1.131,146.9,1.522,44.81,8.6,2.88,1,233,2.07,3.3,0.04,2020.12,0,4.1312,12.9401,2.6816,0.0273
294,ethylthiocyanate,542-90-5,C3H5NS,87,1.012,86.1,1.462,23.67,29.3,3.64,-86,146,0.57,0.67,8.1,3348.14,0,2.6999,7.6665,2.2246,0.0353
295,ethylbenzene,100-41-4,C8H10,106,0.867,122.5,1.493,35.59,2.41,0.58,-94,136,0.89,3.08,12.32,2072.54,0,2.1279,12.0268,1.7474,0
296,ethynylbenzene,536-74-3,C8H6,102,0.937,109,1.548,34.62,2.99,0.66,-45,143,1.25,2.51,3.06,2781.49,0.0517,3.5815,9.9791,1.6084,0
297,fluorobenzene,462-06-6,C6H5F,96,1.025,93.8,1.465,25.92,5.55,1.66,-40,85,0.62,2.15,80.44,2675.85,0,3.0448,9.0033,0.8798,0
298,formamide,75-12-7,CH3NO,45,1.133,39.8,1.447,10.62,84,3.71,2,210,4.62,-2.69,0.07,12709.91,0.8508,2.1177,2.3623,1.3861,0.9707
299,formicacid,64-18-6,CH2O2,46,1.22,37.7,1.37,8.53,58.5,1.42,8,101,2.9,-0.9,17.02,7808.98,0.7389,1.5975,2.3238,2.5124,0.0587
300,1-ethynylcyclohexanol,110-0-9,C4H4O,68,0.936,72.7,1.42,18.41,2.9,0.69,-86,31,7.94,1.89,0.11,2178.72,0.3863,1.7282,11.954,2.3287,0.365
301,furfural,98-01-1,C5H4O2,96,1.16,82.8,1.524,25.34,41.9,3.57,-37,162,1.55,0.13,1.33,3819.65,0,3.55,6.6258,2.2739,0.2871
302,heptanal,111-71-7,C7H14O,114,0.85,134.4,1.426,34.42,9.07,2.56,-43,155,0.78,2.3,9.94,1858.25,0,2.1108,14.0856,1.7349,0.1948
303,n-heptane,142-82-5,C7H16,100,0.684,146.6,1.388,34.55,1.92,0,-90,98,0.41,4.4,104.97,1658.61,0,0.073,17.6159,0.0021,0
304,1-heptanol,111-70-6,C7H16O,116,0.819,141.9,1.423,36.14,12.1,1.71,-35,176,6.39,2.57,0.46,1848.13,0.3197,0.9355,16.0083,0.8778,0.6254
305,n-hexadecane,544-76-3,C16H34,226,0.77,294.1,1.435,76.74,2.05,0.06,18,287,4.62,9.15,0,1182.78,0,0.0796,35.5988,0.0074,0
306,hexafluorobenzene,392-56-3,C6F6,186,1.612,115.4,1.378,26.61,2.05,0,4,81,0.5,2.99,125.56,2504.4,0,2.3237,13.9646,0,0
307,hexamethylphosphoramide,680-31-9,C6H18N3OP,179,1.03,174,1.466,48.19,30,5.54,7,235,1.62,1.23,0.08,1686.39,0,1.6013,17.2452,0.8224,1.3311
308,hexane,110-54-3,C6H14,86,0.659,130.7,1.375,29.91,1.9,0.08,-95,69,0.31,3.86,354.19,1761.36,0,0.0716,15.6154,0.001,0
309,hexanenitrile,628-73-9,C6H11N,97,0.805,120.7,1.407,29.71,17.26,3.48,-80,162,0.73,1.34,4.74,2278.14,0,2.2734,11.5554,2.2972,0.1046
310,n-hexanoicacid,142-62-1,C6H12O2,116,0.92,126.3,1.416,31.7,2.63,1.13,-3,203,8.29,1.84,0.26,2174.57,0.6061,1.537,12.27,2.555,0.141
311,n-hexylacetate,142-92-7,C8H16O2,144,0.871,165.6,1.409,40.93,4.42,1.86,-80,169,1.27,2.94,0.79,1708.39,0,2.4229,16.3075,2.3531,0.2281
312,hexylamine,111-26-2,C6H15N,101,0.766,132.1,1.418,33.29,4.08,1.32,-19,130,0.82,2.28,15.91,1861.32,0,1.552,14.5877,0.4955,0.5803
313,iodobenzene,591-50-4,C6H5I,204,1.831,111.4,1.62,39.14,4.6,1.71,-29,188,1.48,2.81,0.6,2711.56,0,3.4758,11.3639,0.5652,0
314,iodoethane,75-03-6,C2H5I,156,1.95,80,1.39,18.97,7.4,1.8,-111,72,0.4,1.78,91.79,2891.97,0,2.0565,7.2148,1.8251,0
315,ch3i,74-88-4,CH3I,142,2.282,62.2,1.532,19.27,6.92,1.63,-67,42,0.33,1.3,274.76,3610.75,0,2.1611,5.4122,1.6215,0
316,isoprene,78-79-5,C5H8,68,0.681,100,1.422,25.42,2.1,0.29,-144,34,0.27,2.39,972.46,2331.34,0,1.9607,9.0583,1.439,0
317,isopropylamine,75-31-0,C3H9N,59,0.694,85.2,1.377,19.6,5.5,1.19,-101,32,0.51,0.66,452.48,2486.5,0,1.6352,8.4763,0.4469,0.5488
318,isoquinoline,119-65-3,C9H7N,129,1.097,117.7,1.622,41.47,10.7,2.73,26,242,2.67,1.55,0.15,2686.04,0,4.3063,10.7845,0.8549,0.4742
319,2-hydroxy-benzoicacidmethylester,119-36-8,C8H8O3,152,1.174,129.6,1.537,40.47,9,2.47,-9,224,2.04,2.73,0.21,2252.51,0,4.4144,10.7313,2.7597,0.0212
320,methylacrylate,96-33-3,C4H6O2,86,0.951,90.5,1.408,22.33,7.12,1.75,-75,80,0.54,0.88,64.36,2838.27,0,3.3477,7.0295,2.3208,0.0924
321,methylacetate,79-20-9,C3H6O2,74,0.927,79.9,1.362,17.72,6.7,1.69,-98,57,0.43,0.22,189.3,2917.78,0,3.1625,5.6272,2.3685,0.1839
322,methylbenzoate,93-58-3,C8H8O2,136,1.084,125.6,1.517,38.01,6.6,1.92,-13,200,2.01,2.09,0.32,2399.32,0,4.265,10.8557,2.1981,0.0632
323,methylbutyrate,623-42-7,C5H10O2,102,0.898,113.7,1.387,26.78,5.5,1.72,-85,102,0.62,1.48,62.13,2157.05,0,2.5499,10.2229,2.3148,0.1518
324,decanoicacidmethylester,110-42-9,C11H22O2,186,0.873,213.4,1.426,54.68,3.86,1.65,-18,228,3.08,4.66,0.04,1457.51,0,2.5027,22.1568,2.3019,0.1595
325,dodecanoicacidmethylester,111-82-0,C13H26O2,214,0.87,246.4,1.432,63.9,3.6,1.7,5,262,5.43,5.73,0,1346.45,0,2.5085,26.1629,2.3145,0.1577
326,methylformate,107-31-3,C2H4O2,60,0.98,61.3,1.343,12.95,8.5,1.77,-100,32,0.39,-0.15,1188.86,3893.72,0,2.9514,3.9027,2.3835,0.0768
327,methylhexanoate,106-70-7,C7H14O2,130,0.885,147.1,1.405,36.05,4.7,1.7,-71,149,1.03,2.53,3.47,1820.52,0,2.5192,14.1658,2.315,0.1541
328,methyloctanoate,111-11-5,C9H18O2,158,0.878,180.2,1.417,45.32,4.13,1.67,-40,192,1.77,3.59,0.37,1608.72,0,2.5152,18.1269,2.3159,0.1577
329,methylvalerate,624-24-8,C6H12O2,116,0.89,130.5,1.397,31.43,5.02,1.62,-91,127,0.78,2,10.22,1967.95,0,2.5138,12.2112,2.3344,0.1533
330,methylpropionate,554-12-1,C4H8O2,88,0.915,96.3,1.377,22.15,6.23,1.67,-88,79,0.49,0.9,90.67,2437.99,0,2.7778,7.9807,2.3152,0.1551
331,methylthiocyanate,556-64-9,C2H3NS,73,1.074,68.1,1.469,18.94,35,3.34,-5,131,0.54,0.15,11.96,4532.18,0,2.7086,5.8518,2.2556,0.0306
332,methyltrichloroacetate,598-99-2,C3H3Cl3O2,177,1.488,119.2,1.457,32.47,8.79,2.33,-18,152,0.87,2.65,2.5,2201.06,0,3.3487,11.4897,1.7772,0
333,methylbutane,78-78-4,C5H12,72,0.616,117.1,1.354,25.46,1.83,0.12,-160,28,0.22,3.2,1407.04,1896.93,0,0.0975,13.2202,0,0
334,methylcyclohexane,108-87-2,C7H14,98,0.77,127.5,1.423,32.47,2.02,0,-126,101,0.54,3.6,74.87,1727.49,0,0.0412,15.0042,0.0001,0
335,methylcyclopentane,96-37-7,C6H12,84,0.751,112.1,1.41,27.76,1.99,0,-143,71,0.41,3.29,221.98,1813.71,0,0.0714,13.7754,0,0
336,methylthiobenzene,100-68-5,C7H8S,124,1.057,117.5,1.585,39.38,4.76,1.31,-15,188,1.64,2.64,0.63,2480.51,0,4.0371,10.0182,2.2488,0
337,morpholine,110-91-8,C4H9NO,87,1,87.1,1.455,23.64,7.4,1.71,-5,129,1.55,-0.16,7.17,2574.25,0.0011,2.1662,8.1384,1.1614,0.8534
338,tetramethylurea,632-22-4,C5H12N2O,116,0.968,120,1.451,32.29,24.46,3.47,-1,177,0.85,0.46,2.84,2086.13,0,2.1747,11.939,0.9373,1.2688
339,"n,n-diethyl-benzeneamine",91-66-7,C10H15N,149,0.935,159.6,1.542,50.2,5.5,3.79,-21,215,1.91,3.81,0.16,1834.34,0,2.698,14.7418,2.9464,0
340,"n,n-dimethylaniline",121-69-7,C8H11N,121,0.956,126.8,1.558,40.87,4.4,1.61,2,194,1.37,2.81,1.08,2171.59,0,3.0589,10.8431,3.065,0
341,"n,n-dimethylcyclohexylamine",98-94-2,C8H17N,127,0.85,149.7,1.454,40.53,2.86,0.76,-60,160,0.97,3.28,7.07,1649.4,0,0.3727,16.7607,0.3639,0.3802
342,n-methylacetamide,79-16-3,C3H7NO,73,0.946,77.3,1.433,20.08,178.9,4.12,28,205,2.68,-1.37,0.43,3570.59,0.3555,2.7318,6.4276,0.869,1.2892
343,n-methylaniline,100-61-8,C7H9N,107,0.99,108.2,1.571,35.56,6,1.73,-57,195,1.52,2,1.08,2545.98,0.1394,3.1793,8.8772,3.1853,0.0127
344,n-methylcyclohexanamine,100-60-7,C7H15N,113,0.868,130.4,1.455,35.38,3.64,1.29,-8,149,1.07,2.53,7.21,1777.64,0,0.8869,14.7144,0.391,0.4669
345,methylformamide,123-39-7,C2H5NO,59,1.003,58.9,1.432,15.27,171,3.83,-3,199,2.28,-1.82,1.15,4958.52,0.4728,2.4847,4.6784,1.0722,1.0365
346,n-methylpiperidine,626-67-5,C6H13N,99,0.816,121.5,1.437,31.84,2.59,0.77,-18,106,0.68,2.45,43.23,1840.17,0,0.4031,13.6185,0.3529,0.3807
347,naphthalene,91-20-3,C10H8,128,1.14,112.4,1.59,37.93,2.54,0,80,218,1.98,2.97,0.64,2337.37,0,3.8705,11.6557,1.315,0
348,nitricacid,7697-37-2,HNO3,63,1.513,41.7,1.397,10.03,40,2.16,-42,83,0.22,1.07,4757.91,2480.59,0.8662,1.121,3.4888,2.3929,0
349,nitrobenzene,98-95-3,C6H5NO2,123,1.204,102.3,1.552,32.67,34.8,4.28,6,211,1.41,1.96,0.66,2854.92,0,3.9559,7.8984,3.085,0
350,nitroethane,79-24-3,C2H5NO2,75,1.054,71.2,1.391,16.92,19.7,3.61,-90,114,0.46,0.62,74.93,3559.2,0,3.3971,4.0579,3.2485,0
351,nitromethane,75-52-5,CH3NO2,61,1.137,53.7,1.382,12.49,39.4,3.46,-29,103,0.52,-0.01,56.49,5719.46,0.0146,3.328,2.1885,3.3055,0
352,n-nonane,111-84-2,C9H20,128,0.718,178.6,1.403,43.59,1.96,0.07,-53,151,0.67,5.45,9.8,1507.83,0,0.0751,21.593,0.0031,0
353,1-nonanol,1430-8-8,C9H20O,144,0.827,174.4,1.433,45.34,8.83,1.6,-7,215,12.57,3.62,0.04,1637,0.3187,0.9364,20.0073,0.8831,0.6266
354,octane,111-65-9,C8H18,114,0.703,162.5,1.395,38.96,1.96,0,-57,126,0.54,4.93,15.86,1577.73,0,0.073,19.6161,0.002,0
355,"1-bromo-1,2,2,2-tetrafluoroethane",124-7-2,C8H16O2,144,0.91,158.5,1.428,40.75,3.2,1.15,17,237,0.24,2.19,2259.72,2564.95,0.4222,1.1545,11.2045,0.0162,0
356,1-octanamine,111-86-4,C8H19N,129,0.782,165.3,1.429,42.63,3.58,1.17,0,177,1.46,3.35,1.49,1641.66,0,1.5676,18.5153,0.5245,0.615
357,thp,142-68-7,C5H10O,86,0.88,97.9,1.42,24.77,5.68,1.74,-45,88,0.59,1.3,86.4,2071.5,0,0.6606,10.7141,0.8089,0.4895
358,ethyleneoxide,75-21-8,C2H4O,44,0.89,49.5,1.36,10.93,13.9,1.89,-111,11,0.32,-0.18,1904.9,3633.14,0,2.3414,4.0554,1.4046,0.2238
359,gamma-butyrolactone,96-48-0,C4H6O2,86,1.125,76.5,1.437,20.05,40.96,4.27,-43,205,1.08,-0.81,0.84,3253.37,0,3.9454,4.7834,2.7136,0.2604
360,pentachloroethane,76-01-7,C2HCl5,202,1.68,120.4,1.503,35.6,3.9,0.92,-29,162,0.74,3.17,5.53,2078.41,0.2825,1.5173,14.5473,0.0144,0
361,valeraldehyde,110-62-3,C5H10O,86,0.816,105.5,1.405,25.84,10.1,2.57,-92,104,0.47,1.21,88.85,2223.9,0,2.134,10.0876,1.7267,0.1928
362,pentane,109-66-0,C5H12,72,0.626,115.2,1.358,25.27,1.84,0,-129,36,0.24,3.33,1187.31,1885.85,0,0.072,13.6496,0.0008,0
363,valeronitrile,110-59-8,C5H9N,83,0.795,104.5,1.397,25.17,17.7,4.12,-96,140,0.58,0.81,12.74,2562.21,0,2.3049,9.5452,2.2965,0.1052
364,n-bucooh,109-52-4,C5H10O2,102,0.93,109.8,1.408,27.09,2.6,1.61,-35,187,6.15,1.3,0.7,2426.06,0.6057,1.5468,10.2682,2.5501,0.143
365,n-pentylacetate,628-63-7,C7H14O2,130,0.875,148.8,1.402,36.23,4.75,1.75,-100,149,0.9,2.48,1.95,1817.03,0,2.4201,14.3946,2.346,0.2184
366,formicacidpentylester,638-49-3,C6H12O2,116,0.885,131.3,1.4,31.82,6.49,1.92,-73,131,0.9,2.07,10.14,1987.02,0,2.2032,12.6323,2.3809,0.0956
367,n-pentylamine,110-58-7,C5H13N,87,0.754,115.5,1.411,28.72,4.5,1.3,-55,105,0.63,1.74,49.57,2011.56,0,1.551,12.5902,0.495,0.5807
368,perfluoromethylcyclohexane,355-02-2,C7F14,350,1.8,194.5,1.3,36.37,1.86,0.28,-70,76,0.54,4.53,85.13,2020.43,0,0.4517,21.2735,0,0
369,perfluorooctane,307-34-6,C8F18,438,1.759,249,1.284,44.27,1.81,0,-23,104,0.53,6.06,45.41,1823.97,0,0.4884,27.5257,0,0
370,phenol,108-95-2,C6H6O,94,1.058,89,1.542,28,10,1.55,41,182,4.42,1.36,0.72,3284.53,0.6617,2.7861,7.1418,2.513,0.0281
371,phenylacetate,122-79-2,C8H8O2,136,1.078,126.3,1.503,37.34,5.23,1.78,50,196,2.23,1.7,0.3,2528.43,0,4.9056,9.8341,2.7396,0.0713
372,phenylisothiocyanat,103-72-0,C7H5NS,135,1.129,119.8,1.649,43.64,10.4,2.85,-21,219,1.71,3.2,0.4,2682.59,0,3.268,13.1891,0.9479,0
373,phenyl-hydrazine,100-63-0,C6H8N2,108,1.098,98.5,1.609,34.1,7.2,1.67,23,242,4.04,0.51,0.11,3331.06,0.1876,4.3209,6.7965,3.1551,0.4468
374,isocyanatobenzene,103-71-9,C7H5NO,119,1.096,108.7,1.537,33.95,8.8,2.25,-33,166,1.12,2.74,4.96,2727.32,0,3.4666,10.2829,1.8739,0
375,pocl3,10025-87-3,Cl3OP,153,1.68,91.3,1.46,25,13.5,2.54,1,107,0.43,2.14,57.08,2351.49,0.005,1.4738,10.2238,1.6405,0
376,pcl3,02/12/7719,Cl3P,137,1.576,87.1,1.515,26.26,3.7,0.56,-94,75,0.4,2.78,82.96,2394.72,0,1.5448,11.0773,0.0078,0
377,piperidine,110-89-4,C5H11N,85,0.862,98.8,1.453,26.67,5.9,0.73,-7,106,0.91,1.49,49.46,2085.86,0,0.8786,11.1951,0.3619,0.4802
378,propanal,123-38-6,C3H6O,58,0.803,72.4,1.38,16.76,18.5,2.52,-81,49,0.32,0.1,747.6,2993.87,0,2.3956,5.8268,1.7261,0.2043
379,propane,74-98-6,C3H8,44,0.581,75.9,1.34,15.9,1.6,0.08,-188,-42,0.14,2.27,14556.83,2260.68,0,0.0673,9.6715,0,0
380,dicyanomethane,109-77-3,C3H2N2,66,1.049,63,1.415,15.76,46,3.73,31,220,2.24,-1.25,0.08,12607.34,0.6935,2.7449,3.649,3.7057,0.0045
381,propionitrile,107-12-0,C3H5N,55,0.792,69.6,1.366,15.58,27.7,4.04,-92,97,0.39,-0.35,69.89,3873.87,0,2.7598,5.0951,2.2852,0.109
382,propionicacid,79-09-4,C3H6O2,74,0.99,74.8,1.386,17.58,3.1,1.76,-21,141,3.92,0.17,4.44,3383.22,0.6082,1.8287,5.9959,2.5433,0.1509
383,propanol,71-23-8,C3H8O,60,0.804,74.8,1.386,17.55,21.8,1.65,-127,97,2.43,0.41,30.41,2835.62,0.3273,0.9599,8.0725,0.8581,0.6187
384,propene,115-07-1,C3H6,42,0.61,68.9,1.363,15.31,1.9,0.36,-185,-48,0.16,1.73,11869.45,2605.36,0,1.0089,7.2081,1.0606,0
385,n-propylacetate,109-60-4,C5H10O2,102,0.888,115,1.384,26.89,6.3,1.79,-95,102,0.57,1.41,13.95,2153.29,0,2.53,10.262,2.3489,0.2194
386,n-propylformate,110-74-7,C4H8O2,88,0.906,97.2,1.377,22.37,7.72,1.83,-93,82,0.47,1.07,41.01,2457.99,0,2.3382,8.5138,2.3778,0.0961
387,propylnitrate,627-13-4,C3H7NO3,105,1.054,99.7,1.397,24.03,13.9,3.01,-100,110,0.41,2.65,150.33,2188.53,0,2.5785,8.7056,2.7357,0
388,propylpropionate,106-36-5,C6H12O2,116,0.882,131.7,1.393,31.43,4.7,1.79,-76,122,0.65,1.99,9.59,1939,0,2.1405,12.6155,2.3151,0.1741
389,n-propylamine,107-10-8,C3H9N,59,0.717,82.4,1.388,19.45,5.9,1.18,-83,48,0.37,0.67,469.49,2493.02,0,1.5674,8.6026,0.4944,0.5806
390,n-propylbenzene,103-65-1,C9H12,120,0.864,139.1,1.493,40.42,2.37,0.42,-92,159,1.16,3.61,3.97,1899.16,0,2.0717,14.0457,1.7787,0
391,pyrazine,290-37-9,C4H4N2,80,1.031,77.7,1.495,22.66,2.8,0,52,115,1.06,-0.34,14.1,4172.59,0,3.1849,5.9674,1.5191,0.5972
392,pyridine,110-86-1,C5H5N,79,0.983,80.5,1.51,24.07,12.4,2.37,-42,115,0.83,0.53,19.58,3350.01,0,3.2848,7.1742,0.7813,0.4786
393,pyrrole,109-97-7,C4H5N,67,0.967,69.4,1.509,20.72,7.5,1.71,-23,130,1.13,0.59,8.14,4291.05,0.5724,2.5364,4.5874,2.8928,0
394,pyrrolidine,123-75-1,C4H9N,71,0.866,82.1,1.443,21.78,8.3,1.57,-63,87,0.67,0.98,120.4,2300.22,0,1.0727,9.4717,0.5363,0.5421
395,chinoline,91-22-5,C9H7N,129,1.093,118.2,1.626,41.83,9,2.25,-15,238,2.65,1.65,0.14,2671.58,0,4.2446,10.8826,0.9273,0.4208
396,1-(2-thienyl)ethanethiol,90-2-8,C7H6O2,122,1.167,104.6,1.574,34.51,17.1,2.78,-7,197,2.16,2.65,0.14,2401.47,0,4.0157,10.875,2.3893,0
397,styrene,100-42-5,C8H8,104,0.909,114.6,1.546,36.28,2.43,0.18,-30,145,1.02,2.73,7.63,2412.39,0,3.5496,10.3268,1.5686,0
398,"tetrahydrothiophene-1,1-dioxide",126-33-0,C4H8O2S,120,1.26,95.4,1.471,26.66,44,4.68,27,285,2.77,-1.72,0,3131.04,0,5.3287,4.5908,3.8101,0.2704
399,sulfurylchloride,7791-25-5,Cl2O2S,135,1.671,80.8,1.443,21.43,10,1.81,-54,70,0.26,2.75,706.75,2272.89,0,1.5913,9.3465,1.1749,0
400,tetrachloroethene,127-18-4,C2Cl4,166,1.63,101.7,1.504,30.13,2.3,0,-36,122,0.43,3.25,58.03,2222.8,0,1.0062,13.7419,0,0
401,ccl4,56-23-5,CCl4,154,1.584,97.1,1.46,26.59,2.24,0,-23,77,0.36,2.89,130.81,2271.61,0,1.1679,12.2542,0,0
402,tetralin,119-64-2,C10H12,132,0.974,135.7,1.539,42.52,2.77,0.61,-31,205,1.67,3.51,1.29,1858.17,0,1.6147,14.0562,1.9415,0
403,tetramethylsilane,75-76-3,C4H12Si,88,0.646,136.6,1.359,30.07,1.92,0.48,-100,27,0.31,3.54,2402.68,1756.81,0,0.5248,14.2146,0.3645,0
404,tetranitro-methane,509-14-8,CN4O8,196,1.643,119.4,1.44,31.44,2.52,0,14,126,0.09,5.64,84207.69,981.29,0.0307,2.4792,13.5691,0.423,0
405,tetrahydro-2h-thiopyran,1613-51-0,C5H10S,102,0.988,103.4,1.506,30.73,6.58,1.71,19,141,0.81,2.13,13.54,2079.63,0,1.2255,10.7543,1.7954,0.0232
406,thionylchloride,07/09/7719,Cl2OS,119,1.637,72.7,1.52,22.12,9.25,1.44,-105,77,0.37,2.12,139.54,2816.26,0,2.1542,8.6404,0.7623,0
407,biurea,110-2-1,C4H4S,84,1.059,79.5,1.529,24.5,2.71,0.56,-38,84,472.12,-4.98,0,11745.48,1.9539,3.5696,4.0769,2.5736,2.1409
408,"trans-1,2-dichloroethene",156-60-5,C2H2Cl2,97,1.252,77.4,1.446,20.63,2.27,0,-49,48,0.31,1.98,610,2646.26,0,1.7329,9.413,0.1916,0
409,trans-decalin,493-02-7,C10H18,138,0.87,158.9,1.47,44.32,2.17,0,-31,185,1.31,4.41,2.76,1531.55,0,0.023,18.3443,0.0007,0
410,glycerol-triacetate,102-76-1,C9H14O6,218,1.156,188.7,1.428,48.55,7.01,2.73,-78,259,8.2,0.89,0,2065.13,0,7.9271,10.8107,6.24,0.305
411,chbr3,75-25-2,CHBr3,253,2.827,89.4,1.595,30.38,4.4,1,7,148,0.75,2.51,4.66,4114.77,0.2403,1.7599,11.1738,0.0731,0
412,tri-n-butylamine,102-82-9,C12H27N,185,0.778,238.2,1.428,61.29,2.29,0.76,-70,216,1.73,6.58,0.13,1328.7,0,0.3305,27.3659,0.2829,0.1366
413,trichloroacetonitrile,545-06-2,C2Cl3N,144,1.44,100.3,1.44,26.43,7.74,2,-44,83,0.42,2.27,61.21,2735.37,0,1.5074,11.2464,1.1876,0
414,trichloroethene,79-01-6,C2HCl3,131,1.464,89.7,1.475,25.27,3.42,0.81,-86,87,0.37,2.63,160.45,2387.82,0.0088,1.2867,11.7755,0.0232,0
415,cfcl3,75-69-4,CCl3F,137,1.476,93.1,1.383,21.71,2.38,0.48,-80,24,0.24,2.65,825.52,2322.11,0,0.9949,11.3249,0,0
416,chcl3,67-66-3,CHCl3,119,1.489,80.2,1.446,21.37,4.81,1.15,-64,61,0.36,2.09,198.87,2541.15,0.3008,1.1448,10.2847,0.0264,0
417,trichloronitromethane,76-06-2,CCl3NO2,164,1.651,99.6,1.461,27.31,7.32,1.86,-64,112,0.37,3.11,123.47,2142.46,0.0001,1.9361,11.2763,1.0477,0
418,dicyclopentadiene,77-73-6,C10H12,132,0.976,135.5,1.511,40.58,2.49,0.4,33,167,1.37,3.59,3.01,1805.98,0,1.27,14.1831,1.4172,0
419,triethylphosphate,78-40-0,C6H15O4P,182,1.072,169.9,1.405,41.67,13.01,2.86,-57,215,2.36,1.39,0.02,1847.23,0,4.0776,14.3666,2.8215,0.8934
420,trifluoroaceticacid,76-05-1,C2HF3O2,114,1.489,76.6,1.285,13.66,8.55,2.26,-15,72,0.91,1.37,106.21,3442.8,0.9011,1.2518,7.3603,1.8536,0
421,trifluoromethylbenzene,98-8-8,C7H5F3,146,1.199,121.9,1.415,30.52,9.4,2.86,-29,101,0.71,2.78,25.44,2325.8,0,3.4652,10.969,1.7651,0
422,trimethylphosphate,512-56-1,C3H9O4P,140,1.213,115.5,1.395,27.69,21.26,2.82,-46,197,1.52,0.06,0.35,2573.42,0,4.8563,7.7076,3.1567,0.7336
423,triphenylmethane,519-73-3,C19H16,244,1.013,241.1,1.579,80.1,2.45,0,93,360,37.83,5.25,0,1738.55,0,6.2023,19.2086,3.2268,0
424,n-undecane,1120-21-4,C11H24,156,0.737,212.1,1.417,53.34,2.01,0,-26,196,1.2,6.52,0.48,1386.26,0,0.0686,25.6015,0.0007,0
425,1-undecanol,112-42-5,C11H24O,172,0.83,207.7,1.439,54.64,5.98,1.7,19,243,19.73,4.7,0,1481.5,0.3179,0.9382,23.9823,0.8822,0.6288
426,vinylacetate,108-05-4,C4H6O2,86,0.925,93.1,1.396,22.36,2.3,1.61,-100,73,0.52,1.36,85.22,2773.96,0,3.5486,6.7723,2.6081,0.0314
427,h2o,7732-18-5,H2O,18,1,18,1.333,3.71,80.1,1.87,0,100,0.9,-1.59,31.56,26223.85,0.8747,1.115,0.5914,0.8406,0.8854
428,2-butanol,78-92-2,C4H10O,74,0.807,92,1.395,22.02,16.56,1.41,-115,100,2.26,0.98,20.86,2408.21,0.2464,0.9832,9.9843,0.769,0.5901
429,2-pentanone,107-87-9,C5H10O,86,0.808,107,1.39,25.27,15.45,2.7,-78,101,0.49,0.9,52.48,2227.41,0,2.1917,9.9653,1.5564,0.3648
430,4-methyl-2-pentanone,108-10-1,C6H12O,100,0.801,125,1.396,30.03,13.11,2.69,-85,118,0.55,1.44,22.8,2014.07,0,2.1405,11.7377,1.4824,0.3251
431,acetone,67-64-1,C3H6O,58,0.79,74,1.359,16.17,21.4,2.69,-97,57,0.35,-0.3,28.99,3009.7,0,2.7391,5.4983,1.6697,0.358
432,cyclohexanone,108-94-1,C6H10O,98,0.948,104,1.448,27.71,18.2,3.06,-32,156,0.9,0.9,6.6,2164.87,0,1.5732,10.2365,1.6513,0.3887
433,butanone,78-93-3,C4H8O,72,0.805,90,1.379,20.69,18.51,2.76,-86,80,0.41,0.37,156.69,2538.41,0,2.3794,7.7716,1.5816,0.3465
434,toluene,108-88-3,C7H8,92,0.867,106,1.497,31.1,2.38,0.31,-93,111,0.71,2.6,33.49,2305.64,0,2.3399,10.0233,1.7291,0
435,acetonitrile,75-05-8,C2H3N,41,0.782,53,1.344,11.12,37.5,3.44,-45,82,0.41,-1.05,65.82,6321.2,0,2.7931,3.0865,2.2884,0.115
436,diethylcarbonate,105-58-8,C5H10O3,118,0.975,121,1.384,28.33,3.1,1.07,-43,127,0.82,1.32,12.32,2197.41,0,3.3651,9.9115,3.0992,0.0841
437,dimethylsulfoxide,67-68-5,C2H6OS,78,1.1,71,1.479,20.15,46.68,4.1,19,189,1.14,-1.93,0.83,3396.62,0,4.0513,4.9317,0.7265,1.4808
438,thf,109-99-9,C4H8O,72,0.888,81,1.407,20,7.58,1.75,-108,66,0.47,0.7,205.7,2305.04,0,0.8093,9.0389,0.7668,0.5855
439,n-methyl-2-pyrrolidinone,872-50-4,C5H9NO,99,1.03,96,1.47,26.84,32.2,4.09,-24,202,1.12,-0.46,1.41,2382.49,0,2.4408,9.3911,0.9022,1.204
440,diethylether,60-29-7,C4H10O,74,0.713,104,1.352,22.5,4.33,1.15,-117,35,0.26,1.6,515.54,2114.17,0,0.5452,11.2658,0.8542,0.3827
441,dimethylformamide,68-12-2,C3H7NO,73,0.949,77,1.431,19.92,36.71,3.86,-60,153,0.53,-0.95,25.54,2951.59,0,2.9945,6.5305,1.0681,1.0196
442,triethylamine,121-44-8,C6H15N,101,0.728,139,1.401,33.79,2.42,0.87,-115,90,0.39,3.34,116.08,1756.64,0,0.5031,15.263,0.205,0.0623
443,isoamylacetate,123-92-2,C7H14O2,130,0.876,149,1.4,36.03,5.6,1.84,-78,142,0.99,2.29,3.25,1835.91,0,2.4622,13.8929,2.0903,0.2289
444,diglyme,111-96-6,C6H14O3,134,0.937,143,1.408,35.33,7.3,1.92,-64,162,0.76,0.76,0.71,1948.83,0,2.8367,13.4781,2.0134,1.2644
445,propylenecarbonate,108-32-7,C4H6O3,102,1.201,85,1.421,21.56,64.9,4.94,-55,242,1.8,-0.38,0.06,3623.31,0,4.6239,4.6524,3.4474,0.1046
446,1-octanol,111-87-5,C8H18O,130,0.827,158,1.427,40.43,10.3,1.68,-16,194,8.52,3.11,0.17,1730.04,0.3197,0.9292,18.0117,0.8936,0.6186
447,dimethylcarbonate,616-38-6,C3H6O3,90,1.073,84,1.368,18.9,3.17,0.93,3,90,0.53,0.26,86.7,3002.72,0,3.7668,5.5207,3.0746,0.0594
448,cyclohexane,110-82-7,C6H12,84,0.779,108,1.426,27.71,1.88,0,7,81,0.41,0.41,253.74,1852.52,0,0.0217,13.0955,0,0
449,anisole,100-66-3,C7H8O,108,0.99,109,1.517,33.04,4.33,1.38,-37,154,1.16,2.18,4.03,2475.46,0,3.7037,8.9337,2.4036,0.0106
450,"2,2,4-trimethylpentane",540-84-1,C8H18,114,0.692,165,1.391,39.26,1.94,0,-107,99,0.42,4.33,70.66,1585.7,0,0.1372,17.8224,0.0022,0
451,isobutanol,78-83-1,C4H10O,74,0.802,93,1.396,22.21,16.68,1.79,-108,108,2.56,1,16.28,2429.23,0.3238,0.8828,10.0143,0.7747,0.5559
452,benzonitrile,100-47-0,C7H5N,103,1,103,1.528,31.75,26,4.28,-13,190,1.45,1.45,0.48,3417.4,0,3.6454,8.6921,2.2047,0.0388
453,"1,4-butadiol",110-63-4,C4H10O2,90,1.017,89,1.446,23.63,32.9,2.58,20,235,19.37,-0.32,0.03,2275.41,0.4928,1.6653,8.5303,1.3305,1.0319
454,1-hexanol,111-27-3,C6H14O,102,0.814,126,1.418,31.63,13.3,1.65,-47,158,5.12,2.03,1.22,2001.85,0.3232,0.9139,14.095,0.8602,0.6183
455,n-butylacetate,123-86-4,C6H12O2,116,0.88,132,1.394,31.6,5.01,1.84,-74,126,0.69,0.69,5.38,1964.05,0,2.4408,12.3498,2.3513,0.2189
456,triethyl orthoformate,122-51-0,C7H16O3,148,0.893,166,1.39,39.34,4.779,1.67,-61,143,1.08,1.79,0.56,1758.45,0,2.3563,15.8811,1.8073,0.7333
457,"n,n-dimethylacetamide",127-19-5,C4H9NO,87,0.942,92.5,1.438,24.31,37.78,3.72,-20,165,0.63,-0.5,10.11,2548.2,0,2.8469,8.4654,0.781,1.1909
458,diisopropylether,108-20-3,C6H14O,102,0.724,141.1,1.368,31.8,4.04,1.13,-86,68,0.47,2.51,28.72,1792.09,0,0.7435,14.563,0.5696,0.49
459,2-propanol,67-63-0,C3H8O,60,0.785,76.5,1.377,17.61,19.92,1.59,-89,82,2.4,0.35,34.41,2804.37,0.28855,1.0916,7.9218,0.7983,0.6431